Hugo_Symbol	Amino_Acid_Start	Amino_Acid_End
SMARCA4	546	546
CDKN2A	27	42
CDKN2A	27	42
CDKN2A	27	42
CDKN2A	27	42
CDKN2A	27	42
CDKN2A	27	42
CDKN2A	27	42
SMAD4	357	377
SMAD4	357	377
SMAD4	357	377
SMAD4	357	377
SMAD4	357	377
SMAD4	357	377
SMAD4	357	377
SMAD4	536	546
SMAD4	536	546
SMAD4	536	546
SMAD4	536	546
BAP1	25	34
BAP1	25	34
BAP1	25	34
BAP1	25	34
SMARCB1	364	364
FOXA1	249	409
FOXA1	249	409
FOXA1	249	409
FOXA1	249	409
FOXA1	249	409
FOXA1	249	409
FOXA1	249	409
FOXA1	249	409
FOXA1	249	409
FOXA1	249	409
FOXA1	249	409
FOXA1	249	409
FOXA1	249	409
FOXA1	249	409
FOXA1	249	409
FOXA1	249	409
FOXA1	249	409
FOXA1	249	409
FOXA1	249	409
FOXA1	249	409
FOXA1	249	409
FOXA1	249	409
FOXA1	249	409
FOXA1	249	409
FOXA1	249	409
FOXA1	249	409
FOXA1	249	409
FOXA1	249	409
FOXA1	249	409
FOXA1	249	409
FOXA1	249	409
MED12	41	55
MED12	41	55
MED12	41	55
MED12	41	55
MED12	41	55
CEBPA	307	311
CEBPA	307	311
CEBPA	307	311
CEBPA	307	311
PIK3R1	439	470
PIK3R1	439	470
PIK3R1	439	470
PIK3R1	439	470
PIK3R1	439	470
PIK3R1	439	470
PIK3R1	439	470
PIK3R1	439	470
PIK3R1	439	470
PIK3R1	439	470
PIK3R1	439	470
PIK3R1	439	470
PIK3R1	439	470
PIK3R1	439	470
PIK3R1	439	470
PIK3R1	439	470
PIK3R1	439	470
PIK3R1	439	470
PIK3R1	439	470
PIK3R1	439	470
PIK3R1	439	470
PIK3R1	439	470
PIK3R1	439	470
PIK3R1	439	470
PIK3R1	439	470
PIK3R1	439	470
PIK3R1	439	470
PIK3R1	439	470
PIK3R1	439	470
PIK3R1	439	470
PIK3R1	439	470
PIK3R1	439	470
PIK3R1	439	470
PIK3R1	439	470
PIK3R1	439	470
PIK3R1	439	470
PIK3R1	439	470
PIK3R1	439	470
PIK3R1	439	470
PIK3R1	439	470
PIK3R1	439	470
PIK3R1	439	470
PIK3R1	439	470
PIK3R1	439	470
PIK3R1	439	470
PIK3R1	439	470
PIK3R1	439	470
PIK3R1	439	470
PIK3R1	439	470
PIK3R1	439	470
PIK3R1	439	470
PIK3R1	439	470
PIK3R1	439	470
PIK3R1	439	470
PIK3R1	439	470
PIK3R1	439	470
PIK3R1	439	470
PIK3R1	439	470
PIK3R1	439	470
PIK3R1	439	470
PIK3R1	439	470
PIK3R1	439	470
PIK3R1	558	582
PIK3R1	558	582
PIK3R1	558	582
PIK3R1	558	582
PIK3R1	558	582
PIK3R1	558	582
PIK3R1	558	582
PIK3R1	558	582
PIK3R1	558	582
PIK3R1	558	582
PIK3R1	558	582
PIK3R1	558	582
PIK3R1	558	582
PIK3R1	558	582
PIK3R1	558	582
PIK3R1	558	582
PIK3R1	558	582
PIK3R1	558	582
PIK3R1	558	582
PIK3R1	558	582
PIK3R1	558	582
PIK3R1	558	582
PIK3R1	558	582
PIK3R1	558	582
PIK3R1	558	582
PIK3R1	558	582
PIK3R1	558	582
PIK3R1	558	582
PIK3R1	558	582
PIK3R1	558	582
PIK3R1	558	582
PIK3R1	558	582
PIK3R1	558	582
PIK3R1	558	582
PIK3R1	397	420
PIK3R1	397	420
PIK3R1	397	420
PIK3R1	397	420
PIK3R1	397	420
PIK3R1	397	420
PIK3R1	397	420
PIK3R1	397	420
PIK3R1	397	420
PIK3R1	378	380
PIK3R1	378	380
PIK3R1	378	380
TP53	229	292
TP53	229	292
TP53	229	292
TP53	229	292
TP53	229	292
TP53	229	292
TP53	229	292
TP53	229	292
TP53	229	292
TP53	229	292
TP53	229	292
TP53	229	292
TP53	229	292
TP53	229	292
TP53	229	292
TP53	229	292
TP53	229	292
TP53	229	292
TP53	229	292
TP53	229	292
TP53	229	292
TP53	229	292
TP53	229	292
TP53	229	292
TP53	229	292
TP53	229	292
TP53	229	292
TP53	229	292
TP53	229	292
TP53	229	292
TP53	229	292
TP53	229	292
TP53	229	292
TP53	229	292
TP53	229	292
TP53	229	292
TP53	229	292
TP53	229	292
TP53	229	292
TP53	229	292
TP53	229	292
TP53	229	292
TP53	229	292
TP53	229	292
TP53	229	292
TP53	229	292
TP53	229	292
TP53	229	292
TP53	229	292
TP53	229	292
TP53	229	292
TP53	229	292
TP53	229	292
TP53	229	292
TP53	229	292
TP53	128	163
TP53	128	163
TP53	128	163
TP53	128	163
TP53	128	163
TP53	128	163
TP53	128	163
TP53	128	163
TP53	128	163
TP53	128	163
TP53	128	163
TP53	128	163
TP53	128	163
TP53	128	163
TP53	128	163
TP53	128	163
TP53	128	163
TP53	128	163
TP53	128	163
TP53	128	163
TP53	128	163
TP53	128	163
TP53	128	163
TP53	128	163
TP53	128	163
TP53	128	163
TP53	128	163
TP53	128	163
TP53	128	163
TP53	128	163
TP53	128	163
TP53	128	163
TP53	128	163
TP53	128	163
TP53	173	187
TP53	173	187
TP53	173	187
TP53	173	187
TP53	173	187
TP53	173	187
TP53	173	187
TP53	173	187
TP53	173	187
TP53	173	187
TP53	173	187
TP53	191	206
TP53	191	206
TP53	191	206
TP53	191	206
TP53	191	206
TP53	191	206
TP53	191	206
TP53	191	206
PIK3CA	110	114
PIK3CA	110	114
PIK3CA	110	114
PIK3CA	110	114
PIK3CA	110	114
PIK3CA	110	114
PIK3CA	110	114
PIK3CA	436	466
PIK3CA	436	466
PIK3CA	436	466
PIK3CA	436	466
PIK3CA	436	466
PIK3CA	436	466
PIK3CA	436	466
PIK3CA	436	466
PIK3CA	436	466
PIK3CA	436	466
PIK3CA	436	466
PIK3CA	436	466
PIK3CA	436	466
PIK3CA	436	466
PIK3CA	102	108
PIK3CA	102	108
PIK3CA	102	108
PIK3CA	102	108
PIK3CA	102	108
PIK3CA	102	108
PIK3CA	419	422
PIK3CA	419	422
PIK3CA	10	18
PIK3CA	10	18
PIK3CA	10	18
ERBB2	772	775
ERBB2	772	775
ERBB2	778	780
EGFR	745	759
EGFR	745	759
EGFR	745	759
EGFR	745	759
EGFR	745	759
EGFR	745	759
EGFR	745	759
EGFR	745	759
EGFR	745	759
EGFR	745	759
EGFR	745	759
EGFR	764	774
EGFR	764	774
EGFR	764	774
EGFR	764	774
EGFR	764	774
EGFR	764	774
EGFR	764	774
EGFR	764	774
EGFR	764	774
EGFR	764	774
EGFR	764	774
EGFR	764	774
EGFR	764	774
EGFR	764	774
EGFR	764	774
EGFR	764	774
EGFR	709	710
NOTCH1	356	359
NOTCH1	356	359
NOTCH1	356	359
NOTCH1	356	359
NOTCH1	338	338
MDC1	1020	1028
MDC1	1020	1028
SOX9	152	167
SOX9	152	167
SOX9	152	167
CTNNB1	23	71
CTNNB1	23	71
CTNNB1	23	71
CTNNB1	23	71
CTNNB1	23	71
CTNNB1	23	71
CTNNB1	23	71
CTNNB1	23	71
CTNNB1	23	71
CTNNB1	23	71
CTNNB1	23	71
CTNNB1	23	71
CTNNB1	23	71
CTNNB1	23	71
CTNNB1	23	71
CTNNB1	23	71
CTNNB1	23	71
CTNNB1	23	71
CTNNB1	23	71
CTNNB1	23	71
CTNNB1	23	71
MAP2K1	99	107
MAP2K1	99	107
MAP2K1	99	107
MAP2K1	99	107
MAP2K1	99	107
CREBBP	1680	1680
HIST1H1C	23	23
MTOR	1450	1468
MTOR	1450	1468
MTOR	1450	1468
MTOR	1450	1468
MTOR	1450	1468
KIT	550	580
KIT	550	580
KIT	550	580
KIT	550	580
KIT	550	580
KIT	550	580
KIT	550	580
KIT	550	580
KIT	550	580
KIT	550	580
KIT	550	580
KIT	550	580
KIT	550	580
KIT	550	580
KIT	550	580
KIT	550	580
KIT	550	580
KIT	550	580
KIT	550	580
KIT	550	580
KIT	550	580
KIT	550	580
KIT	550	580
KIT	550	580
KIT	550	580
KIT	550	580
KIT	550	580
KIT	550	580
KIT	550	580
KIT	550	580
KIT	550	580
KIT	502	503
LATS2	479	480
LATS2	479	480
NFE2L2	21	42
NFE2L2	21	42
NFE2L2	21	42
NFE2L2	21	42
NFE2L2	21	42
NFE2L2	21	42
NFE2L2	21	42
NFE2L2	21	42
NFE2L2	21	42
NFE2L2	21	42
NFE2L2	21	42
NFE2L2	21	42
NFE2L2	73	87
NFE2L2	73	87
NFE2L2	73	87
NFE2L2	73	87
ESR1	422	422
BRAF	592	604
BRAF	592	604
BRAF	592	604
BRAF	592	604
BRAF	592	604
BRAF	486	494
BRAF	486	494
BRAF	486	494
BRAF	486	494
BRAF	486	494
MYC	298	298
AKT2	60	84
AKT2	60	84
AKT2	60	84
AKT2	60	84
VHL	70	80
VHL	70	80
VHL	70	80
VHL	70	80
DAXX	457	457
DAXX	457	457
U2AF1	222	223
U2AF1	222	223
U2AF1	222	223
ANKRD11	1461	1461
ANKRD11	1008	1015
ANKRD11	1008	1015
AKT1	65	77
AKT1	65	77
STAT3	616	616
SRSF2	92	117
SRSF2	92	117
SRSF2	92	117
SRSF2	92	117
SRSF2	92	117
FLT3	578	613
FLT3	578	613
FLT3	578	613
FLT3	578	613
FLT3	578	613
FLT3	578	613
FLT3	578	613
FLT3	578	613
FLT3	578	613
FLT3	578	613
FLT3	578	613
FLT3	578	613
FLT3	578	613
FLT3	578	613
FLT3	578	613
FLT3	578	613
FLT3	578	613
FLT3	578	613
FLT3	578	613
FLT3	578	613
FLT3	578	613
FLT3	578	613
FLT3	578	613
