fpr	tpr	threshold	gene	shuffled	auroc
0.0	0.0	1.8742792229354386	TP53	True	0.5401674937965262
0.0010080645161290322	0.0	0.8742792229354387	TP53	True	0.5401674937965262
0.0020161290322580645	0.0	0.8344471344918485	TP53	True	0.5401674937965262
0.0030241935483870967	0.0	0.8304429234628062	TP53	True	0.5401674937965262
0.004032258064516129	0.0	0.8241733874482743	TP53	True	0.5401674937965262
0.005040322580645161	0.0	0.8219295926918295	TP53	True	0.5401674937965262
0.006048387096774193	0.0	0.8212110730481823	TP53	True	0.5401674937965262
0.007056451612903226	0.0	0.8193843755262679	TP53	True	0.5401674937965262
0.008064516129032258	0.0	0.8160759536722431	TP53	True	0.5401674937965262
0.009072580645161291	0.0	0.8030952007010639	TP53	True	0.5401674937965262
0.010080645161290322	0.0	0.795165236240625	TP53	True	0.5401674937965262
0.011088709677419355	0.0	0.7837986010073051	TP53	True	0.5401674937965262
0.012096774193548387	0.0	0.7812699203412238	TP53	True	0.5401674937965262
0.01310483870967742	0.0	0.7807211059043969	TP53	True	0.5401674937965262
0.014112903225806451	0.0	0.7750252754570552	TP53	True	0.5401674937965262
0.015120967741935484	0.0	0.7745361473186064	TP53	True	0.5401674937965262
0.016129032258064516	0.0	0.7730608291153034	TP53	True	0.5401674937965262
0.017137096774193547	0.0	0.7715190569155612	TP53	True	0.5401674937965262
0.018145161290322582	0.0	0.7671506968114578	TP53	True	0.5401674937965262
0.019153225806451613	0.0	0.7641225540524339	TP53	True	0.5401674937965262
0.020161290322580645	0.0	0.763048831104017	TP53	True	0.5401674937965262
0.021169354838709676	0.0	0.7626560847260354	TP53	True	0.5401674937965262
0.02217741935483871	0.0	0.7615908903711892	TP53	True	0.5401674937965262
0.023185483870967742	0.0	0.7577644658630198	TP53	True	0.5401674937965262
0.023185483870967742	0.038461538461538464	0.7555917063927935	TP53	True	0.5401674937965262
0.024193548387096774	0.038461538461538464	0.7533478732799164	TP53	True	0.5401674937965262
0.025201612903225805	0.038461538461538464	0.7526407044824934	TP53	True	0.5401674937965262
0.02620967741935484	0.038461538461538464	0.7500968445152942	TP53	True	0.5401674937965262
0.02721774193548387	0.038461538461538464	0.7497365434680309	TP53	True	0.5401674937965262
0.028225806451612902	0.038461538461538464	0.7489688882237766	TP53	True	0.5401674937965262
0.028225806451612902	0.07692307692307693	0.7472390872778135	TP53	True	0.5401674937965262
0.029233870967741934	0.07692307692307693	0.7465438589750795	TP53	True	0.5401674937965262
0.03024193548387097	0.07692307692307693	0.7464833290741463	TP53	True	0.5401674937965262
0.03125	0.07692307692307693	0.7438796384934135	TP53	True	0.5401674937965262
0.03225806451612903	0.07692307692307693	0.7426845110589075	TP53	True	0.5401674937965262
0.03326612903225806	0.07692307692307693	0.7423448299943433	TP53	True	0.5401674937965262
0.034274193548387094	0.07692307692307693	0.7404650010052605	TP53	True	0.5401674937965262
0.03528225806451613	0.07692307692307693	0.7399263354704203	TP53	True	0.5401674937965262
0.036290322580645164	0.07692307692307693	0.7385207579900533	TP53	True	0.5401674937965262
0.036290322580645164	0.11538461538461539	0.7372555979440887	TP53	True	0.5401674937965262
0.037298387096774195	0.11538461538461539	0.7357494876737303	TP53	True	0.5401674937965262
0.038306451612903226	0.11538461538461539	0.7350060138046953	TP53	True	0.5401674937965262
0.03931451612903226	0.11538461538461539	0.7343319941611226	TP53	True	0.5401674937965262
0.03931451612903226	0.15384615384615385	0.7337359692628233	TP53	True	0.5401674937965262
0.04032258064516129	0.15384615384615385	0.73113850165677	TP53	True	0.5401674937965262
0.04133064516129032	0.15384615384615385	0.7306194761167661	TP53	True	0.5401674937965262
0.04233870967741935	0.15384615384615385	0.7290915167757998	TP53	True	0.5401674937965262
0.04334677419354839	0.15384615384615385	0.7283896798391106	TP53	True	0.5401674937965262
0.04435483870967742	0.15384615384615385	0.7267859713825094	TP53	True	0.5401674937965262
0.04536290322580645	0.15384615384615385	0.7256553883425608	TP53	True	0.5401674937965262
0.046370967741935484	0.15384615384615385	0.7245243142658127	TP53	True	0.5401674937965262
0.047379032258064516	0.15384615384615385	0.7225009606845646	TP53	True	0.5401674937965262
0.04838709677419355	0.15384615384615385	0.7210052048185405	TP53	True	0.5401674937965262
0.04939516129032258	0.15384615384615385	0.7193932109334029	TP53	True	0.5401674937965262
0.05040322580645161	0.15384615384615385	0.7189956956799834	TP53	True	0.5401674937965262
0.05141129032258065	0.15384615384615385	0.7170821408040648	TP53	True	0.5401674937965262
0.05241935483870968	0.15384615384615385	0.7169646156839669	TP53	True	0.5401674937965262
0.05342741935483871	0.15384615384615385	0.7165940173195763	TP53	True	0.5401674937965262
0.05443548387096774	0.15384615384615385	0.7158182937899343	TP53	True	0.5401674937965262
0.055443548387096774	0.15384615384615385	0.7150081966795073	TP53	True	0.5401674937965262
0.056451612903225805	0.15384615384615385	0.7144493916910354	TP53	True	0.5401674937965262
0.057459677419354836	0.15384615384615385	0.7127116933030213	TP53	True	0.5401674937965262
0.05846774193548387	0.15384615384615385	0.7125134522306137	TP53	True	0.5401674937965262
0.059475806451612906	0.15384615384615385	0.7104249744864359	TP53	True	0.5401674937965262
0.06048387096774194	0.15384615384615385	0.7103672825517701	TP53	True	0.5401674937965262
0.06149193548387097	0.15384615384615385	0.7089880548460479	TP53	True	0.5401674937965262
0.0625	0.15384615384615385	0.7076014444666102	TP53	True	0.5401674937965262
0.06350806451612903	0.15384615384615385	0.7073220799894581	TP53	True	0.5401674937965262
0.06451612903225806	0.15384615384615385	0.7057151587497535	TP53	True	0.5401674937965262
0.0655241935483871	0.15384615384615385	0.7053339722447963	TP53	True	0.5401674937965262
0.06653225806451613	0.15384615384615385	0.7050244576949234	TP53	True	0.5401674937965262
0.06754032258064516	0.15384615384615385	0.7042158466602797	TP53	True	0.5401674937965262
0.06854838709677419	0.15384615384615385	0.7035807477475411	TP53	True	0.5401674937965262
0.06955645161290322	0.15384615384615385	0.7031044924735551	TP53	True	0.5401674937965262
0.07056451612903226	0.15384615384615385	0.7012156892994514	TP53	True	0.5401674937965262
0.0715725806451613	0.15384615384615385	0.700256274133914	TP53	True	0.5401674937965262
0.07258064516129033	0.15384615384615385	0.6996081299741513	TP53	True	0.5401674937965262
0.07358870967741936	0.15384615384615385	0.6993785771306176	TP53	True	0.5401674937965262
0.07459677419354839	0.15384615384615385	0.6984816141393867	TP53	True	0.5401674937965262
0.07560483870967742	0.15384615384615385	0.6976243243264432	TP53	True	0.5401674937965262
0.07661290322580645	0.15384615384615385	0.6974876722380552	TP53	True	0.5401674937965262
0.07762096774193548	0.15384615384615385	0.6974347339223582	TP53	True	0.5401674937965262
0.07862903225806452	0.15384615384615385	0.696856257393329	TP53	True	0.5401674937965262
0.07963709677419355	0.15384615384615385	0.6964325315230475	TP53	True	0.5401674937965262
0.07963709677419355	0.19230769230769232	0.6961391946243886	TP53	True	0.5401674937965262
0.08064516129032258	0.19230769230769232	0.6960055634170423	TP53	True	0.5401674937965262
0.08165322580645161	0.19230769230769232	0.6958060541510368	TP53	True	0.5401674937965262
0.08266129032258064	0.19230769230769232	0.6950717172706058	TP53	True	0.5401674937965262
0.08366935483870967	0.19230769230769232	0.693623349451074	TP53	True	0.5401674937965262
0.0846774193548387	0.19230769230769232	0.6907984663821285	TP53	True	0.5401674937965262
0.08568548387096774	0.19230769230769232	0.6905616635914508	TP53	True	0.5401674937965262
0.08669354838709678	0.19230769230769232	0.6898782507288069	TP53	True	0.5401674937965262
0.08770161290322581	0.19230769230769232	0.6898132310578311	TP53	True	0.5401674937965262
0.08870967741935484	0.19230769230769232	0.6863787699833335	TP53	True	0.5401674937965262
0.08971774193548387	0.19230769230769232	0.6862262418552496	TP53	True	0.5401674937965262
0.0907258064516129	0.19230769230769232	0.6837335959884844	TP53	True	0.5401674937965262
0.09173387096774194	0.19230769230769232	0.6824193537147372	TP53	True	0.5401674937965262
0.09274193548387097	0.19230769230769232	0.6822194948799719	TP53	True	0.5401674937965262
0.09375	0.19230769230769232	0.6821269636944589	TP53	True	0.5401674937965262
0.09475806451612903	0.19230769230769232	0.6813586649551527	TP53	True	0.5401674937965262
0.09576612903225806	0.19230769230769232	0.6813574946786474	TP53	True	0.5401674937965262
0.0967741935483871	0.19230769230769232	0.6803864721408168	TP53	True	0.5401674937965262
0.09778225806451613	0.19230769230769232	0.6800902748899785	TP53	True	0.5401674937965262
0.09879032258064516	0.19230769230769232	0.6791721555848058	TP53	True	0.5401674937965262
0.09979838709677419	0.19230769230769232	0.679075111095396	TP53	True	0.5401674937965262
0.10080645161290322	0.19230769230769232	0.6789479462642386	TP53	True	0.5401674937965262
0.10181451612903226	0.19230769230769232	0.6782747244563585	TP53	True	0.5401674937965262
0.1028225806451613	0.19230769230769232	0.6781230132691088	TP53	True	0.5401674937965262
0.10383064516129033	0.19230769230769232	0.6766800479306193	TP53	True	0.5401674937965262
0.10483870967741936	0.19230769230769232	0.6757783081505656	TP53	True	0.5401674937965262
0.10584677419354839	0.19230769230769232	0.6746105010684061	TP53	True	0.5401674937965262
0.10685483870967742	0.19230769230769232	0.6737723331495196	TP53	True	0.5401674937965262
0.10786290322580645	0.19230769230769232	0.6737477689055074	TP53	True	0.5401674937965262
0.10887096774193548	0.19230769230769232	0.6729220905103986	TP53	True	0.5401674937965262
0.10987903225806452	0.19230769230769232	0.6728558162648673	TP53	True	0.5401674937965262
0.11088709677419355	0.19230769230769232	0.6727917663694926	TP53	True	0.5401674937965262
0.11189516129032258	0.19230769230769232	0.6726632459729116	TP53	True	0.5401674937965262
0.11290322580645161	0.19230769230769232	0.6719175013511154	TP53	True	0.5401674937965262
0.11391129032258064	0.19230769230769232	0.670656145912468	TP53	True	0.5401674937965262
0.11491935483870967	0.19230769230769232	0.6706232507596457	TP53	True	0.5401674937965262
0.1159274193548387	0.19230769230769232	0.6705813880822353	TP53	True	0.5401674937965262
0.11693548387096774	0.19230769230769232	0.6704373881877983	TP53	True	0.5401674937965262
0.11794354838709678	0.19230769230769232	0.6702225064954591	TP53	True	0.5401674937965262
0.11895161290322581	0.19230769230769232	0.6694588309006729	TP53	True	0.5401674937965262
0.11995967741935484	0.19230769230769232	0.6689963084029791	TP53	True	0.5401674937965262
0.12096774193548387	0.19230769230769232	0.6688275728613251	TP53	True	0.5401674937965262
0.1219758064516129	0.19230769230769232	0.6683457799214105	TP53	True	0.5401674937965262
0.12298387096774194	0.19230769230769232	0.6678972305494117	TP53	True	0.5401674937965262
0.12399193548387097	0.19230769230769232	0.6663980044603385	TP53	True	0.5401674937965262
0.125	0.19230769230769232	0.6642191123500963	TP53	True	0.5401674937965262
0.12600806451612903	0.19230769230769232	0.6629441796175362	TP53	True	0.5401674937965262
0.12701612903225806	0.19230769230769232	0.6619001879444883	TP53	True	0.5401674937965262
0.1280241935483871	0.19230769230769232	0.6613712623924298	TP53	True	0.5401674937965262
0.12903225806451613	0.19230769230769232	0.6585337889969372	TP53	True	0.5401674937965262
0.13004032258064516	0.19230769230769232	0.6584070184858813	TP53	True	0.5401674937965262
0.1310483870967742	0.19230769230769232	0.6583114937395292	TP53	True	0.5401674937965262
0.13205645161290322	0.19230769230769232	0.6567204994078676	TP53	True	0.5401674937965262
0.13306451612903225	0.19230769230769232	0.6561152938548475	TP53	True	0.5401674937965262
0.13407258064516128	0.19230769230769232	0.6556238244088313	TP53	True	0.5401674937965262
0.1350806451612903	0.19230769230769232	0.6549316510097065	TP53	True	0.5401674937965262
0.13608870967741934	0.19230769230769232	0.6545500489412003	TP53	True	0.5401674937965262
0.13709677419354838	0.19230769230769232	0.6545083014936318	TP53	True	0.5401674937965262
0.1381048387096774	0.19230769230769232	0.6543811120081338	TP53	True	0.5401674937965262
0.13911290322580644	0.19230769230769232	0.6542217803819569	TP53	True	0.5401674937965262
0.13911290322580644	0.23076923076923078	0.6541965905438692	TP53	True	0.5401674937965262
0.14012096774193547	0.23076923076923078	0.6535269923785876	TP53	True	0.5401674937965262
0.14112903225806453	0.23076923076923078	0.6523283968003112	TP53	True	0.5401674937965262
0.14213709677419356	0.23076923076923078	0.6515372233438674	TP53	True	0.5401674937965262
0.1431451612903226	0.23076923076923078	0.6509426384576127	TP53	True	0.5401674937965262
0.14415322580645162	0.23076923076923078	0.6508699616085408	TP53	True	0.5401674937965262
0.14516129032258066	0.23076923076923078	0.6489387952751051	TP53	True	0.5401674937965262
0.1461693548387097	0.23076923076923078	0.6479807436733729	TP53	True	0.5401674937965262
0.14717741935483872	0.23076923076923078	0.6473731372159308	TP53	True	0.5401674937965262
0.14818548387096775	0.23076923076923078	0.6470550454542936	TP53	True	0.5401674937965262
0.14919354838709678	0.23076923076923078	0.6469831614407732	TP53	True	0.5401674937965262
0.1502016129032258	0.23076923076923078	0.6464761625637666	TP53	True	0.5401674937965262
0.15120967741935484	0.23076923076923078	0.6454828017458569	TP53	True	0.5401674937965262
0.15221774193548387	0.23076923076923078	0.6450462390605303	TP53	True	0.5401674937965262
0.1532258064516129	0.23076923076923078	0.6443850212105097	TP53	True	0.5401674937965262
0.15423387096774194	0.23076923076923078	0.6442258579687481	TP53	True	0.5401674937965262
0.15524193548387097	0.23076923076923078	0.6439251486787417	TP53	True	0.5401674937965262
0.15625	0.23076923076923078	0.6439242045231348	TP53	True	0.5401674937965262
0.15725806451612903	0.23076923076923078	0.6438661002743039	TP53	True	0.5401674937965262
0.15826612903225806	0.23076923076923078	0.6438622393976097	TP53	True	0.5401674937965262
0.1592741935483871	0.23076923076923078	0.6437441340870856	TP53	True	0.5401674937965262
0.16028225806451613	0.23076923076923078	0.6433732231759449	TP53	True	0.5401674937965262
0.16129032258064516	0.23076923076923078	0.6431874944089878	TP53	True	0.5401674937965262
0.1622983870967742	0.23076923076923078	0.6424833138396836	TP53	True	0.5401674937965262
0.16330645161290322	0.23076923076923078	0.6423914115128266	TP53	True	0.5401674937965262
0.16431451612903225	0.23076923076923078	0.6414635344945737	TP53	True	0.5401674937965262
0.16532258064516128	0.23076923076923078	0.6413005243305002	TP53	True	0.5401674937965262
0.1663306451612903	0.23076923076923078	0.641291404900508	TP53	True	0.5401674937965262
0.16733870967741934	0.23076923076923078	0.6410569502872631	TP53	True	0.5401674937965262
0.16834677419354838	0.23076923076923078	0.6403123846587654	TP53	True	0.5401674937965262
0.1693548387096774	0.23076923076923078	0.6396074881467387	TP53	True	0.5401674937965262
0.17036290322580644	0.23076923076923078	0.6383318432406535	TP53	True	0.5401674937965262
0.17137096774193547	0.23076923076923078	0.6382973159491906	TP53	True	0.5401674937965262
0.17237903225806453	0.23076923076923078	0.6380020549198823	TP53	True	0.5401674937965262
0.17338709677419356	0.23076923076923078	0.6376275334729988	TP53	True	0.5401674937965262
0.1743951612903226	0.23076923076923078	0.6375237810433948	TP53	True	0.5401674937965262
0.17540322580645162	0.23076923076923078	0.6374756860379549	TP53	True	0.5401674937965262
0.17641129032258066	0.23076923076923078	0.6373342638532477	TP53	True	0.5401674937965262
0.1774193548387097	0.23076923076923078	0.636691259934329	TP53	True	0.5401674937965262
0.17842741935483872	0.23076923076923078	0.6366374749107292	TP53	True	0.5401674937965262
0.17943548387096775	0.23076923076923078	0.6362578428540748	TP53	True	0.5401674937965262
0.18044354838709678	0.23076923076923078	0.6362206439957846	TP53	True	0.5401674937965262
0.1814516129032258	0.23076923076923078	0.6353967324202615	TP53	True	0.5401674937965262
0.18245967741935484	0.23076923076923078	0.6343796247071645	TP53	True	0.5401674937965262
0.18346774193548387	0.23076923076923078	0.6339577768932743	TP53	True	0.5401674937965262
0.1844758064516129	0.23076923076923078	0.6337204946827688	TP53	True	0.5401674937965262
0.18548387096774194	0.23076923076923078	0.6335686547944994	TP53	True	0.5401674937965262
0.18649193548387097	0.23076923076923078	0.6333717383237154	TP53	True	0.5401674937965262
0.1875	0.23076923076923078	0.6333587916899054	TP53	True	0.5401674937965262
0.18850806451612903	0.23076923076923078	0.6329135943423867	TP53	True	0.5401674937965262
0.18951612903225806	0.23076923076923078	0.6328385496969418	TP53	True	0.5401674937965262
0.1905241935483871	0.23076923076923078	0.6322425791109225	TP53	True	0.5401674937965262
0.19153225806451613	0.23076923076923078	0.6305185446153555	TP53	True	0.5401674937965262
0.19254032258064516	0.23076923076923078	0.6300385962390274	TP53	True	0.5401674937965262
0.1935483870967742	0.23076923076923078	0.6293365237822077	TP53	True	0.5401674937965262
0.19455645161290322	0.23076923076923078	0.628980188613585	TP53	True	0.5401674937965262
0.19556451612903225	0.23076923076923078	0.6289049140850294	TP53	True	0.5401674937965262
0.19657258064516128	0.23076923076923078	0.6284996867381845	TP53	True	0.5401674937965262
0.1975806451612903	0.23076923076923078	0.6284054565886247	TP53	True	0.5401674937965262
0.19858870967741934	0.23076923076923078	0.6274242390931819	TP53	True	0.5401674937965262
0.19959677419354838	0.23076923076923078	0.6273186153123007	TP53	True	0.5401674937965262
0.2006048387096774	0.23076923076923078	0.6268428714715102	TP53	True	0.5401674937965262
0.20161290322580644	0.23076923076923078	0.6266419843627666	TP53	True	0.5401674937965262
0.20262096774193547	0.23076923076923078	0.625843234140662	TP53	True	0.5401674937965262
0.20362903225806453	0.23076923076923078	0.6256442154444917	TP53	True	0.5401674937965262
0.20463709677419356	0.23076923076923078	0.6254249383851433	TP53	True	0.5401674937965262
0.2056451612903226	0.23076923076923078	0.6249836644477951	TP53	True	0.5401674937965262
0.20665322580645162	0.23076923076923078	0.6242588049175382	TP53	True	0.5401674937965262
0.20766129032258066	0.23076923076923078	0.6238872602883412	TP53	True	0.5401674937965262
0.2086693548387097	0.23076923076923078	0.623693936044625	TP53	True	0.5401674937965262
0.2086693548387097	0.2692307692307692	0.6221604492860442	TP53	True	0.5401674937965262
0.20967741935483872	0.2692307692307692	0.6220013287837821	TP53	True	0.5401674937965262
0.21068548387096775	0.2692307692307692	0.6216353030445049	TP53	True	0.5401674937965262
0.21169354838709678	0.2692307692307692	0.6197051221412877	TP53	True	0.5401674937965262
0.2127016129032258	0.2692307692307692	0.61969759725886	TP53	True	0.5401674937965262
0.21370967741935484	0.2692307692307692	0.6191343237620114	TP53	True	0.5401674937965262
0.21471774193548387	0.2692307692307692	0.6183554805429166	TP53	True	0.5401674937965262
0.2157258064516129	0.2692307692307692	0.6170853355154761	TP53	True	0.5401674937965262
0.21673387096774194	0.2692307692307692	0.6162605261166267	TP53	True	0.5401674937965262
0.21774193548387097	0.2692307692307692	0.6146563352397898	TP53	True	0.5401674937965262
0.21875	0.2692307692307692	0.6138469662676879	TP53	True	0.5401674937965262
0.21975806451612903	0.2692307692307692	0.612819071835253	TP53	True	0.5401674937965262
0.22076612903225806	0.2692307692307692	0.6124467651125304	TP53	True	0.5401674937965262
0.2217741935483871	0.2692307692307692	0.6123367421314929	TP53	True	0.5401674937965262
0.22278225806451613	0.2692307692307692	0.612199980569121	TP53	True	0.5401674937965262
0.22379032258064516	0.2692307692307692	0.6117552343261341	TP53	True	0.5401674937965262
0.2247983870967742	0.2692307692307692	0.6115185469379499	TP53	True	0.5401674937965262
0.22580645161290322	0.2692307692307692	0.6103622225941968	TP53	True	0.5401674937965262
0.22681451612903225	0.2692307692307692	0.6103041222876598	TP53	True	0.5401674937965262
0.22782258064516128	0.2692307692307692	0.6099058443570757	TP53	True	0.5401674937965262
0.2288306451612903	0.2692307692307692	0.6098939187161393	TP53	True	0.5401674937965262
0.22983870967741934	0.2692307692307692	0.6088251727648633	TP53	True	0.5401674937965262
0.23084677419354838	0.2692307692307692	0.6084826495285259	TP53	True	0.5401674937965262
0.2318548387096774	0.2692307692307692	0.6076657000964999	TP53	True	0.5401674937965262
0.23286290322580644	0.2692307692307692	0.6073888457654063	TP53	True	0.5401674937965262
0.23387096774193547	0.2692307692307692	0.6073385121722389	TP53	True	0.5401674937965262
0.23487903225806453	0.2692307692307692	0.6064334601417205	TP53	True	0.5401674937965262
0.23588709677419356	0.2692307692307692	0.6046541280995926	TP53	True	0.5401674937965262
0.2368951612903226	0.2692307692307692	0.6034650917498647	TP53	True	0.5401674937965262
0.23790322580645162	0.2692307692307692	0.6028908089657252	TP53	True	0.5401674937965262
0.23891129032258066	0.2692307692307692	0.6028490221119172	TP53	True	0.5401674937965262
0.2399193548387097	0.2692307692307692	0.6021535081833793	TP53	True	0.5401674937965262
0.24092741935483872	0.2692307692307692	0.6016470361440469	TP53	True	0.5401674937965262
0.24193548387096775	0.2692307692307692	0.6012974349961476	TP53	True	0.5401674937965262
0.24294354838709678	0.2692307692307692	0.600817755339671	TP53	True	0.5401674937965262
0.2439516129032258	0.2692307692307692	0.6008110854517908	TP53	True	0.5401674937965262
0.24495967741935484	0.2692307692307692	0.6006364158359495	TP53	True	0.5401674937965262
0.24596774193548387	0.2692307692307692	0.6004947295549733	TP53	True	0.5401674937965262
0.2469758064516129	0.2692307692307692	0.6000438698790301	TP53	True	0.5401674937965262
0.24798387096774194	0.2692307692307692	0.599466474255155	TP53	True	0.5401674937965262
0.24899193548387097	0.2692307692307692	0.5992600325965377	TP53	True	0.5401674937965262
0.25	0.2692307692307692	0.5991386185909576	TP53	True	0.5401674937965262
0.25100806451612906	0.2692307692307692	0.5985113505310844	TP53	True	0.5401674937965262
0.25201612903225806	0.2692307692307692	0.5978854487249128	TP53	True	0.5401674937965262
0.2530241935483871	0.2692307692307692	0.5972293192966871	TP53	True	0.5401674937965262
0.2540322580645161	0.2692307692307692	0.5970682999835716	TP53	True	0.5401674937965262
0.2550403225806452	0.2692307692307692	0.5968086313594773	TP53	True	0.5401674937965262
0.2560483870967742	0.2692307692307692	0.5956503188311486	TP53	True	0.5401674937965262
0.2560483870967742	0.3076923076923077	0.5956362915562881	TP53	True	0.5401674937965262
0.25705645161290325	0.3076923076923077	0.5955523032872061	TP53	True	0.5401674937965262
0.25806451612903225	0.3076923076923077	0.5955513231496601	TP53	True	0.5401674937965262
0.2590725806451613	0.3076923076923077	0.5954239560775401	TP53	True	0.5401674937965262
0.2600806451612903	0.3076923076923077	0.5950685567714632	TP53	True	0.5401674937965262
0.2610887096774194	0.3076923076923077	0.5950150074123629	TP53	True	0.5401674937965262
0.2620967741935484	0.3076923076923077	0.5945133300412302	TP53	True	0.5401674937965262
0.26310483870967744	0.3076923076923077	0.5937379967392361	TP53	True	0.5401674937965262
0.26411290322580644	0.3076923076923077	0.5935293003779885	TP53	True	0.5401674937965262
0.2651209677419355	0.3076923076923077	0.5932115582520004	TP53	True	0.5401674937965262
0.2661290322580645	0.3076923076923077	0.592790693541765	TP53	True	0.5401674937965262
0.26713709677419356	0.3076923076923077	0.5926329907729163	TP53	True	0.5401674937965262
0.26814516129032256	0.3076923076923077	0.5924765909622892	TP53	True	0.5401674937965262
0.2691532258064516	0.3076923076923077	0.5923681684041302	TP53	True	0.5401674937965262
0.2701612903225806	0.3076923076923077	0.5923637330968946	TP53	True	0.5401674937965262
0.2711693548387097	0.3076923076923077	0.5917089749956603	TP53	True	0.5401674937965262
0.2721774193548387	0.3076923076923077	0.5916895844886644	TP53	True	0.5401674937965262
0.27318548387096775	0.3076923076923077	0.5915290072146293	TP53	True	0.5401674937965262
0.27419354838709675	0.3076923076923077	0.5910400663979056	TP53	True	0.5401674937965262
0.2752016129032258	0.3076923076923077	0.5908888440831691	TP53	True	0.5401674937965262
0.2762096774193548	0.3076923076923077	0.5904399012676547	TP53	True	0.5401674937965262
0.2772177419354839	0.3076923076923077	0.5885499352882888	TP53	True	0.5401674937965262
0.2782258064516129	0.3076923076923077	0.5884424328906996	TP53	True	0.5401674937965262
0.27923387096774194	0.3076923076923077	0.5878271002094017	TP53	True	0.5401674937965262
0.27923387096774194	0.34615384615384615	0.5870169957547401	TP53	True	0.5401674937965262
0.28024193548387094	0.34615384615384615	0.5861621778198398	TP53	True	0.5401674937965262
0.28125	0.34615384615384615	0.5855436845224353	TP53	True	0.5401674937965262
0.28225806451612906	0.34615384615384615	0.5845074666456759	TP53	True	0.5401674937965262
0.28326612903225806	0.34615384615384615	0.5839116782545462	TP53	True	0.5401674937965262
0.2842741935483871	0.34615384615384615	0.5838864503556461	TP53	True	0.5401674937965262
0.2852822580645161	0.34615384615384615	0.583840014945072	TP53	True	0.5401674937965262
0.2862903225806452	0.34615384615384615	0.5831168706808763	TP53	True	0.5401674937965262
0.2872983870967742	0.34615384615384615	0.5828427254916189	TP53	True	0.5401674937965262
0.28830645161290325	0.34615384615384615	0.5825215900255769	TP53	True	0.5401674937965262
0.28931451612903225	0.34615384615384615	0.582382567594683	TP53	True	0.5401674937965262
0.2903225806451613	0.34615384615384615	0.5819859625740297	TP53	True	0.5401674937965262
0.2913306451612903	0.34615384615384615	0.5818317393023914	TP53	True	0.5401674937965262
0.2923387096774194	0.34615384615384615	0.5818102294117046	TP53	True	0.5401674937965262
0.2933467741935484	0.34615384615384615	0.5810765091553861	TP53	True	0.5401674937965262
0.29435483870967744	0.34615384615384615	0.5809459990914617	TP53	True	0.5401674937965262
0.29536290322580644	0.34615384615384615	0.580338943772801	TP53	True	0.5401674937965262
0.29536290322580644	0.38461538461538464	0.5801660113834947	TP53	True	0.5401674937965262
0.2963709677419355	0.38461538461538464	0.5800513420246679	TP53	True	0.5401674937965262
0.2973790322580645	0.38461538461538464	0.5797543905535039	TP53	True	0.5401674937965262
0.29838709677419356	0.38461538461538464	0.5790838800360273	TP53	True	0.5401674937965262
0.29939516129032256	0.38461538461538464	0.5789593309240403	TP53	True	0.5401674937965262
0.3004032258064516	0.38461538461538464	0.5788528355761448	TP53	True	0.5401674937965262
0.3014112903225806	0.38461538461538464	0.578839780476859	TP53	True	0.5401674937965262
0.3024193548387097	0.38461538461538464	0.5784506683413735	TP53	True	0.5401674937965262
0.3034274193548387	0.38461538461538464	0.5782289757154361	TP53	True	0.5401674937965262
0.30443548387096775	0.38461538461538464	0.5781811590760857	TP53	True	0.5401674937965262
0.30544354838709675	0.38461538461538464	0.5772733354964995	TP53	True	0.5401674937965262
0.3064516129032258	0.38461538461538464	0.5772580804155548	TP53	True	0.5401674937965262
0.3074596774193548	0.38461538461538464	0.5770613433724293	TP53	True	0.5401674937965262
0.3084677419354839	0.38461538461538464	0.5768024383899087	TP53	True	0.5401674937965262
0.3094758064516129	0.38461538461538464	0.5766085866655629	TP53	True	0.5401674937965262
0.31048387096774194	0.38461538461538464	0.5762879497013914	TP53	True	0.5401674937965262
0.31149193548387094	0.38461538461538464	0.5756405213901261	TP53	True	0.5401674937965262
0.3125	0.38461538461538464	0.5756242814198279	TP53	True	0.5401674937965262
0.31350806451612906	0.38461538461538464	0.5755732105814567	TP53	True	0.5401674937965262
0.31451612903225806	0.38461538461538464	0.5751960121333505	TP53	True	0.5401674937965262
0.31451612903225806	0.4230769230769231	0.5747198418146394	TP53	True	0.5401674937965262
0.3155241935483871	0.4230769230769231	0.5737348352698601	TP53	True	0.5401674937965262
0.3165322580645161	0.4230769230769231	0.5737158308176847	TP53	True	0.5401674937965262
0.3175403225806452	0.4230769230769231	0.5735935529521148	TP53	True	0.5401674937965262
0.3185483870967742	0.4230769230769231	0.5735182976646738	TP53	True	0.5401674937965262
0.31955645161290325	0.4230769230769231	0.573316308370982	TP53	True	0.5401674937965262
0.32056451612903225	0.4230769230769231	0.5729810866203119	TP53	True	0.5401674937965262
0.3215725806451613	0.4230769230769231	0.5728701962326591	TP53	True	0.5401674937965262
0.3225806451612903	0.4230769230769231	0.5726724546809554	TP53	True	0.5401674937965262
0.3235887096774194	0.4230769230769231	0.5725864572555518	TP53	True	0.5401674937965262
0.3245967741935484	0.4230769230769231	0.571499028981991	TP53	True	0.5401674937965262
0.32560483870967744	0.4230769230769231	0.5714071083008236	TP53	True	0.5401674937965262
0.32661290322580644	0.4230769230769231	0.5710896458867067	TP53	True	0.5401674937965262
0.3276209677419355	0.4230769230769231	0.5710722180064428	TP53	True	0.5401674937965262
0.3286290322580645	0.4230769230769231	0.5705311259351781	TP53	True	0.5401674937965262
0.32963709677419356	0.4230769230769231	0.570082758399763	TP53	True	0.5401674937965262
0.33064516129032256	0.4230769230769231	0.5691795429381868	TP53	True	0.5401674937965262
0.3316532258064516	0.4230769230769231	0.5685208617166351	TP53	True	0.5401674937965262
0.3326612903225806	0.4230769230769231	0.5683740729984845	TP53	True	0.5401674937965262
0.3336693548387097	0.4230769230769231	0.568312808525105	TP53	True	0.5401674937965262
0.3346774193548387	0.4230769230769231	0.5680602379022164	TP53	True	0.5401674937965262
0.33568548387096775	0.4230769230769231	0.5676922798615808	TP53	True	0.5401674937965262
0.33669354838709675	0.4230769230769231	0.5675803963250629	TP53	True	0.5401674937965262
0.3377016129032258	0.4230769230769231	0.5674136541434137	TP53	True	0.5401674937965262
0.3387096774193548	0.4230769230769231	0.5670737601940465	TP53	True	0.5401674937965262
0.3397177419354839	0.4230769230769231	0.5670075655946328	TP53	True	0.5401674937965262
0.3407258064516129	0.4230769230769231	0.5661539438619353	TP53	True	0.5401674937965262
0.34173387096774194	0.4230769230769231	0.5659525107334985	TP53	True	0.5401674937965262
0.34274193548387094	0.4230769230769231	0.5657869914009713	TP53	True	0.5401674937965262
0.34375	0.4230769230769231	0.5653576186763052	TP53	True	0.5401674937965262
0.34475806451612906	0.4230769230769231	0.5649604110169155	TP53	True	0.5401674937965262
0.34576612903225806	0.4230769230769231	0.5641227940724749	TP53	True	0.5401674937965262
0.3467741935483871	0.4230769230769231	0.5630485509039713	TP53	True	0.5401674937965262
0.3477822580645161	0.4230769230769231	0.5619158342097305	TP53	True	0.5401674937965262
0.3487903225806452	0.4230769230769231	0.5613345519087881	TP53	True	0.5401674937965262
0.3497983870967742	0.4230769230769231	0.5613158931008231	TP53	True	0.5401674937965262
0.35080645161290325	0.4230769230769231	0.5604386643830065	TP53	True	0.5401674937965262
0.35181451612903225	0.4230769230769231	0.5593607563687334	TP53	True	0.5401674937965262
0.3528225806451613	0.4230769230769231	0.5586844000009218	TP53	True	0.5401674937965262
0.3538306451612903	0.4230769230769231	0.5577290722308375	TP53	True	0.5401674937965262
0.3548387096774194	0.4230769230769231	0.5560633562894269	TP53	True	0.5401674937965262
0.35685483870967744	0.4230769230769231	0.5559506404563834	TP53	True	0.5401674937965262
0.35786290322580644	0.4230769230769231	0.5557540582866771	TP53	True	0.5401674937965262
0.3588709677419355	0.4230769230769231	0.555606713368754	TP53	True	0.5401674937965262
0.3598790322580645	0.4230769230769231	0.5555625362095903	TP53	True	0.5401674937965262
0.36088709677419356	0.4230769230769231	0.5555304996567237	TP53	True	0.5401674937965262
0.36189516129032256	0.4230769230769231	0.5552255135804258	TP53	True	0.5401674937965262
0.3629032258064516	0.4230769230769231	0.5552089596005337	TP53	True	0.5401674937965262
0.3639112903225806	0.4230769230769231	0.5550845324356993	TP53	True	0.5401674937965262
0.3649193548387097	0.4230769230769231	0.5549005279026238	TP53	True	0.5401674937965262
0.3659274193548387	0.4230769230769231	0.5547237962704705	TP53	True	0.5401674937965262
0.36693548387096775	0.4230769230769231	0.5547177732598553	TP53	True	0.5401674937965262
0.36794354838709675	0.4230769230769231	0.5546202473247045	TP53	True	0.5401674937965262
0.3689516129032258	0.4230769230769231	0.5540311106192009	TP53	True	0.5401674937965262
0.3699596774193548	0.4230769230769231	0.5531857965379122	TP53	True	0.5401674937965262
0.3709677419354839	0.4230769230769231	0.5531376310562547	TP53	True	0.5401674937965262
0.3719758064516129	0.4230769230769231	0.5528777400388033	TP53	True	0.5401674937965262
0.37298387096774194	0.4230769230769231	0.552502156214168	TP53	True	0.5401674937965262
0.37399193548387094	0.4230769230769231	0.5522666738737907	TP53	True	0.5401674937965262
0.375	0.4230769230769231	0.5521386854216449	TP53	True	0.5401674937965262
0.37600806451612906	0.4230769230769231	0.551735895653283	TP53	True	0.5401674937965262
0.37701612903225806	0.4230769230769231	0.551322617888282	TP53	True	0.5401674937965262
0.3780241935483871	0.4230769230769231	0.5512704857897577	TP53	True	0.5401674937965262
0.3790322580645161	0.4230769230769231	0.5512344459910733	TP53	True	0.5401674937965262
0.3800403225806452	0.4230769230769231	0.5509554625879907	TP53	True	0.5401674937965262
0.3810483870967742	0.4230769230769231	0.5506089387525496	TP53	True	0.5401674937965262
0.38205645161290325	0.4230769230769231	0.5505812998794029	TP53	True	0.5401674937965262
0.38306451612903225	0.4230769230769231	0.5503051482856157	TP53	True	0.5401674937965262
0.3840725806451613	0.4230769230769231	0.5502295283284243	TP53	True	0.5401674937965262
0.3850806451612903	0.4230769230769231	0.5502034525986795	TP53	True	0.5401674937965262
0.3860887096774194	0.4230769230769231	0.5499981395668044	TP53	True	0.5401674937965262
0.3870967741935484	0.4230769230769231	0.5497751794973389	TP53	True	0.5401674937965262
0.38810483870967744	0.4230769230769231	0.5493019320512739	TP53	True	0.5401674937965262
0.38911290322580644	0.4230769230769231	0.5490132392943946	TP53	True	0.5401674937965262
0.3901209677419355	0.4230769230769231	0.5482822135302791	TP53	True	0.5401674937965262
0.3911290322580645	0.4230769230769231	0.5478195526015466	TP53	True	0.5401674937965262
0.39213709677419356	0.4230769230769231	0.5475381251679291	TP53	True	0.5401674937965262
0.39314516129032256	0.4230769230769231	0.5466981612806632	TP53	True	0.5401674937965262
0.3941532258064516	0.4230769230769231	0.5466853507210918	TP53	True	0.5401674937965262
0.3951612903225806	0.4230769230769231	0.5458668340479031	TP53	True	0.5401674937965262
0.3961693548387097	0.4230769230769231	0.5452404084673846	TP53	True	0.5401674937965262
0.3971774193548387	0.4230769230769231	0.5445077891357853	TP53	True	0.5401674937965262
0.39818548387096775	0.4230769230769231	0.5443716678095294	TP53	True	0.5401674937965262
0.39919354838709675	0.4230769230769231	0.5441305005945095	TP53	True	0.5401674937965262
0.4002016129032258	0.4230769230769231	0.543757374639306	TP53	True	0.5401674937965262
0.4012096774193548	0.4230769230769231	0.5433456342829489	TP53	True	0.5401674937965262
0.4022177419354839	0.4230769230769231	0.5431360294348603	TP53	True	0.5401674937965262
0.4032258064516129	0.4230769230769231	0.5431246752333633	TP53	True	0.5401674937965262
0.40423387096774194	0.4230769230769231	0.5430295566118168	TP53	True	0.5401674937965262
0.40524193548387094	0.4230769230769231	0.5430179824348688	TP53	True	0.5401674937965262
0.40625	0.4230769230769231	0.5426536755321494	TP53	True	0.5401674937965262
0.40725806451612906	0.4230769230769231	0.5425877170614146	TP53	True	0.5401674937965262
0.40826612903225806	0.4230769230769231	0.5425220349192494	TP53	True	0.5401674937965262
0.4092741935483871	0.4230769230769231	0.5421830219877942	TP53	True	0.5401674937965262
0.4102822580645161	0.4230769230769231	0.5420289535507127	TP53	True	0.5401674937965262
0.4112903225806452	0.4230769230769231	0.5417132932375914	TP53	True	0.5401674937965262
0.4122983870967742	0.4230769230769231	0.5402942581040432	TP53	True	0.5401674937965262
0.41330645161290325	0.4230769230769231	0.5395042826667735	TP53	True	0.5401674937965262
0.41431451612903225	0.4230769230769231	0.5394931142084447	TP53	True	0.5401674937965262
0.4153225806451613	0.4230769230769231	0.5392367812923065	TP53	True	0.5401674937965262
0.4163306451612903	0.4230769230769231	0.5389685484466368	TP53	True	0.5401674937965262
0.4173387096774194	0.4230769230769231	0.5380606239116303	TP53	True	0.5401674937965262
0.4183467741935484	0.4230769230769231	0.5377640165966968	TP53	True	0.5401674937965262
0.41935483870967744	0.4230769230769231	0.5369680495714775	TP53	True	0.5401674937965262
0.42036290322580644	0.4230769230769231	0.5368750973065857	TP53	True	0.5401674937965262
0.4213709677419355	0.4230769230769231	0.5363568170025765	TP53	True	0.5401674937965262
0.4223790322580645	0.4230769230769231	0.5360745624632388	TP53	True	0.5401674937965262
0.42338709677419356	0.4230769230769231	0.5356323519935436	TP53	True	0.5401674937965262
0.42439516129032256	0.4230769230769231	0.535186353748015	TP53	True	0.5401674937965262
0.4254032258064516	0.4230769230769231	0.5346930874898045	TP53	True	0.5401674937965262
0.4264112903225806	0.4230769230769231	0.5346730188120694	TP53	True	0.5401674937965262
0.4274193548387097	0.4230769230769231	0.5342881905764386	TP53	True	0.5401674937965262
0.4284274193548387	0.4230769230769231	0.5339098770639804	TP53	True	0.5401674937965262
0.42943548387096775	0.4230769230769231	0.533634055722445	TP53	True	0.5401674937965262
0.43044354838709675	0.4230769230769231	0.533491200849149	TP53	True	0.5401674937965262
0.4314516129032258	0.4230769230769231	0.5330160779970972	TP53	True	0.5401674937965262
0.4324596774193548	0.4230769230769231	0.5328916522655088	TP53	True	0.5401674937965262
0.4334677419354839	0.4230769230769231	0.5325189392799295	TP53	True	0.5401674937965262
0.4344758064516129	0.4230769230769231	0.5322620309605168	TP53	True	0.5401674937965262
0.43548387096774194	0.4230769230769231	0.5322166165417476	TP53	True	0.5401674937965262
0.43649193548387094	0.4230769230769231	0.5321675752500864	TP53	True	0.5401674937965262
0.4375	0.4230769230769231	0.5321210844793035	TP53	True	0.5401674937965262
0.43850806451612906	0.4230769230769231	0.5315336568223913	TP53	True	0.5401674937965262
0.43951612903225806	0.4230769230769231	0.5314499684180141	TP53	True	0.5401674937965262
0.4405241935483871	0.4230769230769231	0.5310310025406468	TP53	True	0.5401674937965262
0.4415322580645161	0.4230769230769231	0.5306741337173623	TP53	True	0.5401674937965262
0.4425403225806452	0.4230769230769231	0.5303192868044679	TP53	True	0.5401674937965262
0.4435483870967742	0.4230769230769231	0.5299651966430529	TP53	True	0.5401674937965262
0.44455645161290325	0.4230769230769231	0.5290234697024976	TP53	True	0.5401674937965262
0.44556451612903225	0.4230769230769231	0.5289737254762494	TP53	True	0.5401674937965262
0.4465725806451613	0.4230769230769231	0.5287966801050299	TP53	True	0.5401674937965262
0.4475806451612903	0.4230769230769231	0.5285827678167873	TP53	True	0.5401674937965262
0.4485887096774194	0.4230769230769231	0.528205173949256	TP53	True	0.5401674937965262
0.4495967741935484	0.4230769230769231	0.5280013064349044	TP53	True	0.5401674937965262
0.45060483870967744	0.4230769230769231	0.527904883135987	TP53	True	0.5401674937965262
0.45161290322580644	0.4230769230769231	0.5278432205464048	TP53	True	0.5401674937965262
0.4526209677419355	0.4230769230769231	0.5276117048630166	TP53	True	0.5401674937965262
0.4536290322580645	0.4230769230769231	0.5250797209910291	TP53	True	0.5401674937965262
0.4536290322580645	0.46153846153846156	0.5243435653218215	TP53	True	0.5401674937965262
0.45463709677419356	0.46153846153846156	0.5243376944215747	TP53	True	0.5401674937965262
0.45564516129032256	0.46153846153846156	0.5227904493917352	TP53	True	0.5401674937965262
0.4566532258064516	0.46153846153846156	0.5227470476226107	TP53	True	0.5401674937965262
0.4576612903225806	0.46153846153846156	0.5226545228555893	TP53	True	0.5401674937965262
0.4586693548387097	0.46153846153846156	0.5219476810296979	TP53	True	0.5401674937965262
0.4596774193548387	0.46153846153846156	0.5217829124770174	TP53	True	0.5401674937965262
0.46068548387096775	0.46153846153846156	0.521660402327886	TP53	True	0.5401674937965262
0.46169354838709675	0.46153846153846156	0.5214837393413579	TP53	True	0.5401674937965262
0.4627016129032258	0.46153846153846156	0.521469373902588	TP53	True	0.5401674937965262
0.4637096774193548	0.46153846153846156	0.5203327328970033	TP53	True	0.5401674937965262
0.4647177419354839	0.46153846153846156	0.5196376541675293	TP53	True	0.5401674937965262
0.4657258064516129	0.46153846153846156	0.5193473527817313	TP53	True	0.5401674937965262
0.46673387096774194	0.46153846153846156	0.5191715970987154	TP53	True	0.5401674937965262
0.46774193548387094	0.46153846153846156	0.5180168264589733	TP53	True	0.5401674937965262
0.46875	0.46153846153846156	0.5175170540014171	TP53	True	0.5401674937965262
0.46975806451612906	0.46153846153846156	0.5172045949082764	TP53	True	0.5401674937965262
0.47076612903225806	0.46153846153846156	0.5171638031787433	TP53	True	0.5401674937965262
0.4717741935483871	0.46153846153846156	0.5170420279099738	TP53	True	0.5401674937965262
0.4717741935483871	0.5	0.5163734377196432	TP53	True	0.5401674937965262
0.4727822580645161	0.5	0.5163647364414284	TP53	True	0.5401674937965262
0.4737903225806452	0.5	0.5161954237475621	TP53	True	0.5401674937965262
0.4747983870967742	0.5	0.5158195285932597	TP53	True	0.5401674937965262
0.47580645161290325	0.5	0.5155349478938801	TP53	True	0.5401674937965262
0.47681451612903225	0.5	0.5150424928278265	TP53	True	0.5401674937965262
0.4778225806451613	0.5	0.5149520240774095	TP53	True	0.5401674937965262
0.4788306451612903	0.5	0.5146958738533949	TP53	True	0.5401674937965262
0.4798387096774194	0.5	0.51453695837718	TP53	True	0.5401674937965262
0.4808467741935484	0.5	0.5145232414012052	TP53	True	0.5401674937965262
0.48185483870967744	0.5	0.5142695384467103	TP53	True	0.5401674937965262
0.48286290322580644	0.5	0.5128810081465344	TP53	True	0.5401674937965262
0.48286290322580644	0.5384615384615384	0.5128432146158041	TP53	True	0.5401674937965262
0.4838709677419355	0.5384615384615384	0.512805747557489	TP53	True	0.5401674937965262
0.4848790322580645	0.5384615384615384	0.5125313770304298	TP53	True	0.5401674937965262
0.48588709677419356	0.5384615384615384	0.5124705905719461	TP53	True	0.5401674937965262
0.48689516129032256	0.5384615384615384	0.5122925337222535	TP53	True	0.5401674937965262
0.4879032258064516	0.5384615384615384	0.5120940557332443	TP53	True	0.5401674937965262
0.4889112903225806	0.5384615384615384	0.5120691439910171	TP53	True	0.5401674937965262
0.4899193548387097	0.5384615384615384	0.5119445078881789	TP53	True	0.5401674937965262
0.4909274193548387	0.5384615384615384	0.5119248763323958	TP53	True	0.5401674937965262
0.49193548387096775	0.5384615384615384	0.5119014701102537	TP53	True	0.5401674937965262
0.49294354838709675	0.5384615384615384	0.5117617574951081	TP53	True	0.5401674937965262
0.4939516129032258	0.5384615384615384	0.5114161293752818	TP53	True	0.5401674937965262
0.4949596774193548	0.5384615384615384	0.5100001953060088	TP53	True	0.5401674937965262
0.4959677419354839	0.5384615384615384	0.5099905520309166	TP53	True	0.5401674937965262
0.4969758064516129	0.5384615384615384	0.5098801149629001	TP53	True	0.5401674937965262
0.49798387096774194	0.5384615384615384	0.5092625671691922	TP53	True	0.5401674937965262
0.49899193548387094	0.5384615384615384	0.5089420849638326	TP53	True	0.5401674937965262
0.5	0.5384615384615384	0.5086628361358858	TP53	True	0.5401674937965262
0.501008064516129	0.5384615384615384	0.5085826996081673	TP53	True	0.5401674937965262
0.5020161290322581	0.5384615384615384	0.5081271889612399	TP53	True	0.5401674937965262
0.5030241935483871	0.5384615384615384	0.5080584821348755	TP53	True	0.5401674937965262
0.5040322580645161	0.5384615384615384	0.5076939793051928	TP53	True	0.5401674937965262
0.5050403225806451	0.5384615384615384	0.5073798790708739	TP53	True	0.5401674937965262
0.5060483870967742	0.5384615384615384	0.5071858274838184	TP53	True	0.5401674937965262
0.5070564516129032	0.5384615384615384	0.5071722825589892	TP53	True	0.5401674937965262
0.5080645161290323	0.5384615384615384	0.5070326562300016	TP53	True	0.5401674937965262
0.5090725806451613	0.5384615384615384	0.5070213423706453	TP53	True	0.5401674937965262
0.5100806451612904	0.5384615384615384	0.5054651368567917	TP53	True	0.5401674937965262
0.5110887096774194	0.5384615384615384	0.5053149962254088	TP53	True	0.5401674937965262
0.5120967741935484	0.5384615384615384	0.5039538896436557	TP53	True	0.5401674937965262
0.5131048387096774	0.5384615384615384	0.5035498543031204	TP53	True	0.5401674937965262
0.5141129032258065	0.5384615384615384	0.5027671408171608	TP53	True	0.5401674937965262
0.5141129032258065	0.5769230769230769	0.5021451058333775	TP53	True	0.5401674937965262
0.5151209677419355	0.5769230769230769	0.5020372554105994	TP53	True	0.5401674937965262
0.5161290322580645	0.5769230769230769	0.5015384588188878	TP53	True	0.5401674937965262
0.5171370967741935	0.5769230769230769	0.501109095405278	TP53	True	0.5401674937965262
0.5181451612903226	0.5769230769230769	0.5008736409885306	TP53	True	0.5401674937965262
0.5191532258064516	0.5769230769230769	0.5008031891449345	TP53	True	0.5401674937965262
0.5201612903225806	0.5769230769230769	0.500212545297179	TP53	True	0.5401674937965262
0.5211693548387096	0.5769230769230769	0.5000932035313198	TP53	True	0.5401674937965262
0.5221774193548387	0.5769230769230769	0.4999684343388789	TP53	True	0.5401674937965262
0.5231854838709677	0.5769230769230769	0.4995889262845887	TP53	True	0.5401674937965262
0.5241935483870968	0.5769230769230769	0.4993186478922234	TP53	True	0.5401674937965262
0.5252016129032258	0.5769230769230769	0.4990642528215462	TP53	True	0.5401674937965262
0.5262096774193549	0.5769230769230769	0.4989644990549874	TP53	True	0.5401674937965262
0.5272177419354839	0.5769230769230769	0.4982505369721792	TP53	True	0.5401674937965262
0.5282258064516129	0.5769230769230769	0.497950899638526	TP53	True	0.5401674937965262
0.5292338709677419	0.5769230769230769	0.497071024052992	TP53	True	0.5401674937965262
0.530241935483871	0.5769230769230769	0.4969502306067274	TP53	True	0.5401674937965262
0.53125	0.5769230769230769	0.4966311189992784	TP53	True	0.5401674937965262
0.532258064516129	0.5769230769230769	0.4966068419727093	TP53	True	0.5401674937965262
0.5332661290322581	0.5769230769230769	0.4964128721211874	TP53	True	0.5401674937965262
0.5342741935483871	0.5769230769230769	0.4963880408260444	TP53	True	0.5401674937965262
0.5352822580645161	0.5769230769230769	0.4963566520633977	TP53	True	0.5401674937965262
0.5362903225806451	0.5769230769230769	0.4957104697442823	TP53	True	0.5401674937965262
0.5372983870967742	0.5769230769230769	0.4950202711390411	TP53	True	0.5401674937965262
0.5383064516129032	0.5769230769230769	0.4947968198475812	TP53	True	0.5401674937965262
0.5393145161290323	0.5769230769230769	0.4932655059777468	TP53	True	0.5401674937965262
0.5403225806451613	0.5769230769230769	0.4928820561234893	TP53	True	0.5401674937965262
0.5413306451612904	0.5769230769230769	0.492839456920483	TP53	True	0.5401674937965262
0.5423387096774194	0.5769230769230769	0.4926986961338058	TP53	True	0.5401674937965262
0.5433467741935484	0.5769230769230769	0.4925401162358869	TP53	True	0.5401674937965262
0.5443548387096774	0.5769230769230769	0.4923030032085425	TP53	True	0.5401674937965262
0.5453629032258065	0.5769230769230769	0.4922158740400888	TP53	True	0.5401674937965262
0.5463709677419355	0.5769230769230769	0.4919007893673646	TP53	True	0.5401674937965262
0.5473790322580645	0.5769230769230769	0.491897477808554	TP53	True	0.5401674937965262
0.5483870967741935	0.5769230769230769	0.4918913771504546	TP53	True	0.5401674937965262
0.5493951612903226	0.5769230769230769	0.4912638627685845	TP53	True	0.5401674937965262
0.5504032258064516	0.5769230769230769	0.4893693087255807	TP53	True	0.5401674937965262
0.5514112903225806	0.5769230769230769	0.4893149676455162	TP53	True	0.5401674937965262
0.5524193548387096	0.5769230769230769	0.4892669262498031	TP53	True	0.5401674937965262
0.5534274193548387	0.5769230769230769	0.4891129757829364	TP53	True	0.5401674937965262
0.5544354838709677	0.5769230769230769	0.4891092233810827	TP53	True	0.5401674937965262
0.5554435483870968	0.5769230769230769	0.4890919795161728	TP53	True	0.5401674937965262
0.5564516129032258	0.5769230769230769	0.4889054629971048	TP53	True	0.5401674937965262
0.5574596774193549	0.5769230769230769	0.4886706423016466	TP53	True	0.5401674937965262
0.5584677419354839	0.5769230769230769	0.4883762799208734	TP53	True	0.5401674937965262
0.5594758064516129	0.5769230769230769	0.4883305600016061	TP53	True	0.5401674937965262
0.5604838709677419	0.5769230769230769	0.4882762064934959	TP53	True	0.5401674937965262
0.561491935483871	0.5769230769230769	0.487632997537596	TP53	True	0.5401674937965262
0.5625	0.5769230769230769	0.4875124738122826	TP53	True	0.5401674937965262
0.563508064516129	0.5769230769230769	0.487118732280906	TP53	True	0.5401674937965262
0.5645161290322581	0.5769230769230769	0.4869326780734259	TP53	True	0.5401674937965262
0.5655241935483871	0.5769230769230769	0.4865689705898568	TP53	True	0.5401674937965262
0.5665322580645161	0.5769230769230769	0.4858315969715322	TP53	True	0.5401674937965262
0.5675403225806451	0.5769230769230769	0.4855415400258079	TP53	True	0.5401674937965262
0.5685483870967742	0.5769230769230769	0.4855291830854722	TP53	True	0.5401674937965262
0.5695564516129032	0.5769230769230769	0.4851699590098688	TP53	True	0.5401674937965262
0.5705645161290323	0.5769230769230769	0.484248043343345	TP53	True	0.5401674937965262
0.5715725806451613	0.5769230769230769	0.4832847565746093	TP53	True	0.5401674937965262
0.5725806451612904	0.5769230769230769	0.48230045485740297	TP53	True	0.5401674937965262
0.5735887096774194	0.5769230769230769	0.4821055688740642	TP53	True	0.5401674937965262
0.5745967741935484	0.5769230769230769	0.4820570804162557	TP53	True	0.5401674937965262
0.5756048387096774	0.5769230769230769	0.4818379169247362	TP53	True	0.5401674937965262
0.5766129032258065	0.5769230769230769	0.4818077647935222	TP53	True	0.5401674937965262
0.5776209677419355	0.5769230769230769	0.4817737435546228	TP53	True	0.5401674937965262
0.5786290322580645	0.5769230769230769	0.4813863702331541	TP53	True	0.5401674937965262
0.5796370967741935	0.5769230769230769	0.4811024608175378	TP53	True	0.5401674937965262
0.5806451612903226	0.5769230769230769	0.480891055333698	TP53	True	0.5401674937965262
0.5816532258064516	0.5769230769230769	0.4796442215860013	TP53	True	0.5401674937965262
0.5826612903225806	0.5769230769230769	0.4793676422136958	TP53	True	0.5401674937965262
0.5836693548387096	0.5769230769230769	0.479324980966709	TP53	True	0.5401674937965262
0.5846774193548387	0.5769230769230769	0.4789810594282528	TP53	True	0.5401674937965262
0.5856854838709677	0.5769230769230769	0.4789773201189024	TP53	True	0.5401674937965262
0.5866935483870968	0.5769230769230769	0.4788187018982804	TP53	True	0.5401674937965262
0.5877016129032258	0.5769230769230769	0.4788083386303017	TP53	True	0.5401674937965262
0.5887096774193549	0.5769230769230769	0.4784890213934729	TP53	True	0.5401674937965262
0.5897177419354839	0.5769230769230769	0.4782024559899772	TP53	True	0.5401674937965262
0.5907258064516129	0.5769230769230769	0.4779131547943931	TP53	True	0.5401674937965262
0.5917338709677419	0.5769230769230769	0.4778079927796277	TP53	True	0.5401674937965262
0.592741935483871	0.5769230769230769	0.4771742834382111	TP53	True	0.5401674937965262
0.59375	0.5769230769230769	0.4765722586715646	TP53	True	0.5401674937965262
0.594758064516129	0.5769230769230769	0.476386417270556	TP53	True	0.5401674937965262
0.5957661290322581	0.5769230769230769	0.4759594918100793	TP53	True	0.5401674937965262
0.5967741935483871	0.5769230769230769	0.4758494917195979	TP53	True	0.5401674937965262
0.5977822580645161	0.5769230769230769	0.4755604059421309	TP53	True	0.5401674937965262
0.5987903225806451	0.5769230769230769	0.4737400597775611	TP53	True	0.5401674937965262
0.5997983870967742	0.5769230769230769	0.4737266588787598	TP53	True	0.5401674937965262
0.6008064516129032	0.5769230769230769	0.4733598772612532	TP53	True	0.5401674937965262
0.6018145161290323	0.5769230769230769	0.4733488145941984	TP53	True	0.5401674937965262
0.6028225806451613	0.5769230769230769	0.4733402690947632	TP53	True	0.5401674937965262
0.6038306451612904	0.5769230769230769	0.4729531649728672	TP53	True	0.5401674937965262
0.6048387096774194	0.5769230769230769	0.4727358638047613	TP53	True	0.5401674937965262
0.6058467741935484	0.5769230769230769	0.4723608158246038	TP53	True	0.5401674937965262
0.6068548387096774	0.5769230769230769	0.4715230339051163	TP53	True	0.5401674937965262
0.6078629032258065	0.5769230769230769	0.4712524461650712	TP53	True	0.5401674937965262
0.6078629032258065	0.6153846153846154	0.4710147302081004	TP53	True	0.5401674937965262
0.6088709677419355	0.6153846153846154	0.4698106875351626	TP53	True	0.5401674937965262
0.6098790322580645	0.6153846153846154	0.469517678631444	TP53	True	0.5401674937965262
0.6108870967741935	0.6153846153846154	0.4692084597493528	TP53	True	0.5401674937965262
0.6118951612903226	0.6153846153846154	0.4682674869947638	TP53	True	0.5401674937965262
0.6129032258064516	0.6153846153846154	0.4675700605985316	TP53	True	0.5401674937965262
0.6139112903225806	0.6153846153846154	0.4675269126271489	TP53	True	0.5401674937965262
0.6149193548387096	0.6153846153846154	0.4672247168755678	TP53	True	0.5401674937965262
0.6159274193548387	0.6153846153846154	0.4671323491610223	TP53	True	0.5401674937965262
0.6169354838709677	0.6153846153846154	0.4669134015679207	TP53	True	0.5401674937965262
0.6179435483870968	0.6153846153846154	0.4668839998627604	TP53	True	0.5401674937965262
0.6189516129032258	0.6153846153846154	0.4658664143425971	TP53	True	0.5401674937965262
0.6199596774193549	0.6153846153846154	0.464649383264563	TP53	True	0.5401674937965262
0.6209677419354839	0.6153846153846154	0.4644948788962629	TP53	True	0.5401674937965262
0.6219758064516129	0.6153846153846154	0.4642377875336382	TP53	True	0.5401674937965262
0.6229838709677419	0.6153846153846154	0.4642236390075842	TP53	True	0.5401674937965262
0.623991935483871	0.6153846153846154	0.4641371530232912	TP53	True	0.5401674937965262
0.625	0.6153846153846154	0.4640132347721727	TP53	True	0.5401674937965262
0.626008064516129	0.6153846153846154	0.46360955986771396	TP53	True	0.5401674937965262
0.6270161290322581	0.6153846153846154	0.4630693167747313	TP53	True	0.5401674937965262
0.6280241935483871	0.6153846153846154	0.4628498235112529	TP53	True	0.5401674937965262
0.6280241935483871	0.6538461538461539	0.4628051202601445	TP53	True	0.5401674937965262
0.6290322580645161	0.6538461538461539	0.4618248266153021	TP53	True	0.5401674937965262
0.6300403225806451	0.6538461538461539	0.4616083359857805	TP53	True	0.5401674937965262
0.6310483870967742	0.6538461538461539	0.46157400487463	TP53	True	0.5401674937965262
0.6320564516129032	0.6538461538461539	0.4614726713714618	TP53	True	0.5401674937965262
0.6330645161290323	0.6538461538461539	0.4609558192078707	TP53	True	0.5401674937965262
0.6340725806451613	0.6538461538461539	0.4607340826126787	TP53	True	0.5401674937965262
0.6350806451612904	0.6538461538461539	0.4605830473291036	TP53	True	0.5401674937965262
0.6360887096774194	0.6538461538461539	0.4605482645313047	TP53	True	0.5401674937965262
0.6370967741935484	0.6538461538461539	0.4600747179096172	TP53	True	0.5401674937965262
0.6381048387096774	0.6538461538461539	0.4588031442726879	TP53	True	0.5401674937965262
0.6391129032258065	0.6538461538461539	0.4572990844620754	TP53	True	0.5401674937965262
0.6401209677419355	0.6538461538461539	0.456638947104088	TP53	True	0.5401674937965262
0.6411290322580645	0.6538461538461539	0.4552777706620852	TP53	True	0.5401674937965262
0.6421370967741935	0.6538461538461539	0.454885012856899	TP53	True	0.5401674937965262
0.6431451612903226	0.6538461538461539	0.4548094262013747	TP53	True	0.5401674937965262
0.6441532258064516	0.6538461538461539	0.4544171224106921	TP53	True	0.5401674937965262
0.6451612903225806	0.6538461538461539	0.4541162539390994	TP53	True	0.5401674937965262
0.6461693548387096	0.6538461538461539	0.4538071570962445	TP53	True	0.5401674937965262
0.6471774193548387	0.6538461538461539	0.4536597897993103	TP53	True	0.5401674937965262
0.6481854838709677	0.6538461538461539	0.4525336424851253	TP53	True	0.5401674937965262
0.6491935483870968	0.6538461538461539	0.4520767652413926	TP53	True	0.5401674937965262
0.6502016129032258	0.6538461538461539	0.4518710038417439	TP53	True	0.5401674937965262
0.6512096774193549	0.6538461538461539	0.45180710855440703	TP53	True	0.5401674937965262
0.6522177419354839	0.6538461538461539	0.4512738263197415	TP53	True	0.5401674937965262
0.6532258064516129	0.6538461538461539	0.45021938527372896	TP53	True	0.5401674937965262
0.655241935483871	0.6538461538461539	0.4502185982309431	TP53	True	0.5401674937965262
0.65625	0.6538461538461539	0.45020904953708096	TP53	True	0.5401674937965262
0.657258064516129	0.6538461538461539	0.4501396156531451	TP53	True	0.5401674937965262
0.6582661290322581	0.6538461538461539	0.4499610285759377	TP53	True	0.5401674937965262
0.6592741935483871	0.6538461538461539	0.4496095541356084	TP53	True	0.5401674937965262
0.6602822580645161	0.6538461538461539	0.4494951376103108	TP53	True	0.5401674937965262
0.6612903225806451	0.6538461538461539	0.4490862674592916	TP53	True	0.5401674937965262
0.6622983870967742	0.6538461538461539	0.4485988756429038	TP53	True	0.5401674937965262
0.6633064516129032	0.6538461538461539	0.44749440612242936	TP53	True	0.5401674937965262
0.6643145161290323	0.6538461538461539	0.4473963589531225	TP53	True	0.5401674937965262
0.6653225806451613	0.6538461538461539	0.4470840903440957	TP53	True	0.5401674937965262
0.6663306451612904	0.6538461538461539	0.4468759841517573	TP53	True	0.5401674937965262
0.6673387096774194	0.6538461538461539	0.4467443616987274	TP53	True	0.5401674937965262
0.6683467741935484	0.6538461538461539	0.4464907755425659	TP53	True	0.5401674937965262
0.6693548387096774	0.6538461538461539	0.4463290994330304	TP53	True	0.5401674937965262
0.6703629032258065	0.6538461538461539	0.4460979071337757	TP53	True	0.5401674937965262
0.6713709677419355	0.6538461538461539	0.4460147054868467	TP53	True	0.5401674937965262
0.6723790322580645	0.6538461538461539	0.4458318196916843	TP53	True	0.5401674937965262
0.6733870967741935	0.6538461538461539	0.4456050261798041	TP53	True	0.5401674937965262
0.6743951612903226	0.6538461538461539	0.44555416256088215	TP53	True	0.5401674937965262
0.6754032258064516	0.6538461538461539	0.4453799823375143	TP53	True	0.5401674937965262
0.6764112903225806	0.6538461538461539	0.4452100543736855	TP53	True	0.5401674937965262
0.6774193548387096	0.6538461538461539	0.4448901657007024	TP53	True	0.5401674937965262
0.6784274193548387	0.6538461538461539	0.4436935852878405	TP53	True	0.5401674937965262
0.6794354838709677	0.6538461538461539	0.44168211707419575	TP53	True	0.5401674937965262
0.6804435483870968	0.6538461538461539	0.4410318567370762	TP53	True	0.5401674937965262
0.6814516129032258	0.6538461538461539	0.4405565684067577	TP53	True	0.5401674937965262
0.6824596774193549	0.6538461538461539	0.440359111797435	TP53	True	0.5401674937965262
0.6834677419354839	0.6538461538461539	0.4401098508893672	TP53	True	0.5401674937965262
0.6844758064516129	0.6538461538461539	0.4391233454094136	TP53	True	0.5401674937965262
0.6854838709677419	0.6538461538461539	0.438322869350526	TP53	True	0.5401674937965262
0.686491935483871	0.6538461538461539	0.4378564312043866	TP53	True	0.5401674937965262
0.6875	0.6538461538461539	0.4370485443674764	TP53	True	0.5401674937965262
0.688508064516129	0.6538461538461539	0.4368891185237245	TP53	True	0.5401674937965262
0.6895161290322581	0.6538461538461539	0.4368377666572445	TP53	True	0.5401674937965262
0.6905241935483871	0.6538461538461539	0.4362111510286832	TP53	True	0.5401674937965262
0.6915322580645161	0.6538461538461539	0.4341201945091002	TP53	True	0.5401674937965262
0.6925403225806451	0.6538461538461539	0.4340268967449705	TP53	True	0.5401674937965262
0.6935483870967742	0.6538461538461539	0.433864413205196	TP53	True	0.5401674937965262
0.6945564516129032	0.6538461538461539	0.4336981144625398	TP53	True	0.5401674937965262
0.6955645161290323	0.6538461538461539	0.4335376301888829	TP53	True	0.5401674937965262
0.6965725806451613	0.6538461538461539	0.43301582525057664	TP53	True	0.5401674937965262
0.6975806451612904	0.6538461538461539	0.4321398251568667	TP53	True	0.5401674937965262
0.6985887096774194	0.6538461538461539	0.4316360409807913	TP53	True	0.5401674937965262
0.6995967741935484	0.6538461538461539	0.4309737137880258	TP53	True	0.5401674937965262
0.7006048387096774	0.6538461538461539	0.4307020664556229	TP53	True	0.5401674937965262
0.7016129032258065	0.6538461538461539	0.4304653862314281	TP53	True	0.5401674937965262
0.7036290322580645	0.6538461538461539	0.4302113861339025	TP53	True	0.5401674937965262
0.7046370967741935	0.6538461538461539	0.4300815658236329	TP53	True	0.5401674937965262
0.7056451612903226	0.6538461538461539	0.4294712896648933	TP53	True	0.5401674937965262
0.7066532258064516	0.6538461538461539	0.4280793875765943	TP53	True	0.5401674937965262
0.7076612903225806	0.6538461538461539	0.4280181166852477	TP53	True	0.5401674937965262
0.7086693548387096	0.6538461538461539	0.4274963718959444	TP53	True	0.5401674937965262
0.7096774193548387	0.6538461538461539	0.4273515122263747	TP53	True	0.5401674937965262
0.7106854838709677	0.6538461538461539	0.4266242866271505	TP53	True	0.5401674937965262
0.7116935483870968	0.6538461538461539	0.4265852512027614	TP53	True	0.5401674937965262
0.7127016129032258	0.6538461538461539	0.4254900734293083	TP53	True	0.5401674937965262
0.7137096774193549	0.6538461538461539	0.4243820701263505	TP53	True	0.5401674937965262
0.7147177419354839	0.6538461538461539	0.4241185526503209	TP53	True	0.5401674937965262
0.7157258064516129	0.6538461538461539	0.4239890947310183	TP53	True	0.5401674937965262
0.7167338709677419	0.6538461538461539	0.4236746192509291	TP53	True	0.5401674937965262
0.7167338709677419	0.6923076923076923	0.42361183242787787	TP53	True	0.5401674937965262
0.7167338709677419	0.7307692307692307	0.42290436443808704	TP53	True	0.5401674937965262
0.717741935483871	0.7307692307692307	0.4223505586786477	TP53	True	0.5401674937965262
0.71875	0.7307692307692307	0.4198565460349941	TP53	True	0.5401674937965262
0.719758064516129	0.7307692307692307	0.4192593469724383	TP53	True	0.5401674937965262
0.7207661290322581	0.7307692307692307	0.4189512335953196	TP53	True	0.5401674937965262
0.7217741935483871	0.7307692307692307	0.4183330802219989	TP53	True	0.5401674937965262
0.7227822580645161	0.7307692307692307	0.4180201936252373	TP53	True	0.5401674937965262
0.7227822580645161	0.7692307692307693	0.4175230311559284	TP53	True	0.5401674937965262
0.7237903225806451	0.7692307692307693	0.4174319843250824	TP53	True	0.5401674937965262
0.7247983870967742	0.7692307692307693	0.4164811389048228	TP53	True	0.5401674937965262
0.7258064516129032	0.7692307692307693	0.4162804950223909	TP53	True	0.5401674937965262
0.7258064516129032	0.8076923076923077	0.415770555266592	TP53	True	0.5401674937965262
0.7268145161290323	0.8076923076923077	0.4154599457775506	TP53	True	0.5401674937965262
0.7278225806451613	0.8076923076923077	0.413427898956534	TP53	True	0.5401674937965262
0.7288306451612904	0.8076923076923077	0.4131242075182894	TP53	True	0.5401674937965262
0.7298387096774194	0.8076923076923077	0.4126102929450494	TP53	True	0.5401674937965262
0.7308467741935484	0.8076923076923077	0.41245577242501796	TP53	True	0.5401674937965262
0.7318548387096774	0.8076923076923077	0.4123759291951049	TP53	True	0.5401674937965262
0.7328629032258065	0.8076923076923077	0.4123610671789623	TP53	True	0.5401674937965262
0.7338709677419355	0.8076923076923077	0.4121700177934925	TP53	True	0.5401674937965262
0.7348790322580645	0.8076923076923077	0.4120800850687802	TP53	True	0.5401674937965262
0.7358870967741935	0.8076923076923077	0.4110800664537539	TP53	True	0.5401674937965262
0.7368951612903226	0.8076923076923077	0.4109142960272504	TP53	True	0.5401674937965262
0.7379032258064516	0.8076923076923077	0.4106850106826621	TP53	True	0.5401674937965262
0.7389112903225806	0.8076923076923077	0.4106193725112253	TP53	True	0.5401674937965262
0.7399193548387096	0.8076923076923077	0.4105077479278811	TP53	True	0.5401674937965262
0.7409274193548387	0.8076923076923077	0.4100593936270473	TP53	True	0.5401674937965262
0.7419354838709677	0.8076923076923077	0.4094320843792339	TP53	True	0.5401674937965262
0.7429435483870968	0.8076923076923077	0.40911382400996055	TP53	True	0.5401674937965262
0.7439516129032258	0.8076923076923077	0.40904301083075134	TP53	True	0.5401674937965262
0.7449596774193549	0.8076923076923077	0.4080763524657525	TP53	True	0.5401674937965262
0.7459677419354839	0.8076923076923077	0.4077428817203016	TP53	True	0.5401674937965262
0.7469758064516129	0.8076923076923077	0.40758937881718105	TP53	True	0.5401674937965262
0.7479838709677419	0.8076923076923077	0.40666721470875705	TP53	True	0.5401674937965262
0.748991935483871	0.8076923076923077	0.4066030359364548	TP53	True	0.5401674937965262
0.75	0.8076923076923077	0.40655789395299097	TP53	True	0.5401674937965262
0.751008064516129	0.8076923076923077	0.40654432776124616	TP53	True	0.5401674937965262
0.7520161290322581	0.8076923076923077	0.405624871921958	TP53	True	0.5401674937965262
0.7530241935483871	0.8076923076923077	0.4052018053577894	TP53	True	0.5401674937965262
0.7540322580645161	0.8076923076923077	0.4051381140462101	TP53	True	0.5401674937965262
0.7550403225806451	0.8076923076923077	0.4030232558905538	TP53	True	0.5401674937965262
0.7560483870967742	0.8076923076923077	0.4030202423347588	TP53	True	0.5401674937965262
0.7570564516129032	0.8076923076923077	0.402808704925628	TP53	True	0.5401674937965262
0.7580645161290323	0.8076923076923077	0.402220410577544	TP53	True	0.5401674937965262
0.7590725806451613	0.8076923076923077	0.40189526163970496	TP53	True	0.5401674937965262
0.7600806451612904	0.8076923076923077	0.40148764865179504	TP53	True	0.5401674937965262
0.7610887096774194	0.8076923076923077	0.4011781093113716	TP53	True	0.5401674937965262
0.7620967741935484	0.8076923076923077	0.4002859419236273	TP53	True	0.5401674937965262
0.7631048387096774	0.8076923076923077	0.3997108296775045	TP53	True	0.5401674937965262
0.7641129032258065	0.8076923076923077	0.3993108040667041	TP53	True	0.5401674937965262
0.7651209677419355	0.8076923076923077	0.39785183627007203	TP53	True	0.5401674937965262
0.7661290322580645	0.8076923076923077	0.3974697787703025	TP53	True	0.5401674937965262
0.7671370967741935	0.8076923076923077	0.3973951701723461	TP53	True	0.5401674937965262
0.7681451612903226	0.8076923076923077	0.3970628634156981	TP53	True	0.5401674937965262
0.7691532258064516	0.8076923076923077	0.3966839271454381	TP53	True	0.5401674937965262
0.7701612903225806	0.8076923076923077	0.3961087123109728	TP53	True	0.5401674937965262
0.7711693548387096	0.8076923076923077	0.3960904505241599	TP53	True	0.5401674937965262
0.7721774193548387	0.8076923076923077	0.3960025400629421	TP53	True	0.5401674937965262
0.7731854838709677	0.8076923076923077	0.3937695329151539	TP53	True	0.5401674937965262
0.7741935483870968	0.8076923076923077	0.3933790148844941	TP53	True	0.5401674937965262
0.7752016129032258	0.8076923076923077	0.3931564882150454	TP53	True	0.5401674937965262
0.7762096774193549	0.8076923076923077	0.3928349159787295	TP53	True	0.5401674937965262
0.7772177419354839	0.8076923076923077	0.3913437930613688	TP53	True	0.5401674937965262
0.7782258064516129	0.8076923076923077	0.3893481068887352	TP53	True	0.5401674937965262
0.7792338709677419	0.8076923076923077	0.3890027846532258	TP53	True	0.5401674937965262
0.780241935483871	0.8076923076923077	0.3880872187267092	TP53	True	0.5401674937965262
0.78125	0.8076923076923077	0.3877708051350862	TP53	True	0.5401674937965262
0.782258064516129	0.8076923076923077	0.3872087472477997	TP53	True	0.5401674937965262
0.7832661290322581	0.8076923076923077	0.38719247631520426	TP53	True	0.5401674937965262
0.7842741935483871	0.8076923076923077	0.38715145527242817	TP53	True	0.5401674937965262
0.7852822580645161	0.8076923076923077	0.3859524791671332	TP53	True	0.5401674937965262
0.7862903225806451	0.8076923076923077	0.384667801903316	TP53	True	0.5401674937965262
0.7872983870967742	0.8076923076923077	0.3844805639601319	TP53	True	0.5401674937965262
0.7883064516129032	0.8076923076923077	0.3829029707550884	TP53	True	0.5401674937965262
0.7893145161290323	0.8076923076923077	0.3826661657935358	TP53	True	0.5401674937965262
0.7903225806451613	0.8076923076923077	0.3825929139078556	TP53	True	0.5401674937965262
0.7913306451612904	0.8076923076923077	0.3824418123181199	TP53	True	0.5401674937965262
0.7923387096774194	0.8076923076923077	0.3822223092229407	TP53	True	0.5401674937965262
0.7933467741935484	0.8076923076923077	0.3818245377748029	TP53	True	0.5401674937965262
0.7943548387096774	0.8076923076923077	0.3818147536691003	TP53	True	0.5401674937965262
0.7953629032258065	0.8076923076923077	0.3812244418478998	TP53	True	0.5401674937965262
0.7963709677419355	0.8076923076923077	0.3800020047584515	TP53	True	0.5401674937965262
0.7973790322580645	0.8076923076923077	0.37977017414636455	TP53	True	0.5401674937965262
0.7983870967741935	0.8076923076923077	0.3795593708115012	TP53	True	0.5401674937965262
0.7993951612903226	0.8076923076923077	0.3789913543676352	TP53	True	0.5401674937965262
0.8004032258064516	0.8076923076923077	0.3785735011079834	TP53	True	0.5401674937965262
0.8014112903225806	0.8076923076923077	0.3783077542996735	TP53	True	0.5401674937965262
0.8024193548387096	0.8076923076923077	0.3782995769319882	TP53	True	0.5401674937965262
0.8034274193548387	0.8076923076923077	0.3771072100775533	TP53	True	0.5401674937965262
0.8044354838709677	0.8076923076923077	0.3766541187999007	TP53	True	0.5401674937965262
0.8054435483870968	0.8076923076923077	0.3750384204338751	TP53	True	0.5401674937965262
0.8064516129032258	0.8076923076923077	0.3749631455006999	TP53	True	0.5401674937965262
0.8074596774193549	0.8076923076923077	0.3728068586882812	TP53	True	0.5401674937965262
0.8084677419354839	0.8076923076923077	0.3724131002502826	TP53	True	0.5401674937965262
0.8084677419354839	0.8461538461538461	0.3722220611711805	TP53	True	0.5401674937965262
0.8094758064516129	0.8461538461538461	0.3719914110138917	TP53	True	0.5401674937965262
0.8104838709677419	0.8461538461538461	0.3711727674299243	TP53	True	0.5401674937965262
0.811491935483871	0.8461538461538461	0.3711707153637877	TP53	True	0.5401674937965262
0.8125	0.8461538461538461	0.37001762932198456	TP53	True	0.5401674937965262
0.813508064516129	0.8461538461538461	0.3694908278419568	TP53	True	0.5401674937965262
0.8145161290322581	0.8461538461538461	0.3693349907037231	TP53	True	0.5401674937965262
0.8145161290322581	0.8846153846153846	0.36900076970916296	TP53	True	0.5401674937965262
0.8155241935483871	0.8846153846153846	0.3679204813138957	TP53	True	0.5401674937965262
0.8165322580645161	0.8846153846153846	0.36759182490480796	TP53	True	0.5401674937965262
0.8175403225806451	0.8846153846153846	0.3668260954443655	TP53	True	0.5401674937965262
0.8185483870967742	0.8846153846153846	0.3662829334297116	TP53	True	0.5401674937965262
0.8185483870967742	0.9230769230769231	0.3655545910953283	TP53	True	0.5401674937965262
0.8195564516129032	0.9230769230769231	0.3653526368720996	TP53	True	0.5401674937965262
0.8205645161290323	0.9230769230769231	0.3645040197049792	TP53	True	0.5401674937965262
0.8215725806451613	0.9230769230769231	0.3622954751597599	TP53	True	0.5401674937965262
0.8225806451612904	0.9230769230769231	0.3614373108008036	TP53	True	0.5401674937965262
0.8235887096774194	0.9230769230769231	0.3609952992457589	TP53	True	0.5401674937965262
0.8245967741935484	0.9230769230769231	0.36016150716804085	TP53	True	0.5401674937965262
0.8256048387096774	0.9230769230769231	0.35947740692217106	TP53	True	0.5401674937965262
0.8266129032258065	0.9230769230769231	0.35878698051625696	TP53	True	0.5401674937965262
0.8276209677419355	0.9230769230769231	0.35878439625043185	TP53	True	0.5401674937965262
0.8286290322580645	0.9230769230769231	0.35826569948052456	TP53	True	0.5401674937965262
0.8296370967741935	0.9230769230769231	0.35768978343989016	TP53	True	0.5401674937965262
0.8306451612903226	0.9230769230769231	0.3566571479446421	TP53	True	0.5401674937965262
0.8316532258064516	0.9230769230769231	0.3566058811818765	TP53	True	0.5401674937965262
0.8326612903225806	0.9230769230769231	0.3564303752014701	TP53	True	0.5401674937965262
0.8336693548387096	0.9230769230769231	0.3554950548464649	TP53	True	0.5401674937965262
0.8346774193548387	0.9230769230769231	0.3552192704692805	TP53	True	0.5401674937965262
0.8346774193548387	0.9615384615384616	0.35502972829422463	TP53	True	0.5401674937965262
0.8356854838709677	0.9615384615384616	0.3546694644764941	TP53	True	0.5401674937965262
0.8366935483870968	0.9615384615384616	0.3545723181703174	TP53	True	0.5401674937965262
0.8377016129032258	0.9615384615384616	0.3534561060890005	TP53	True	0.5401674937965262
0.8387096774193549	0.9615384615384616	0.35279040882240364	TP53	True	0.5401674937965262
0.8397177419354839	0.9615384615384616	0.3527833442114173	TP53	True	0.5401674937965262
0.8407258064516129	0.9615384615384616	0.3523494886445589	TP53	True	0.5401674937965262
0.8417338709677419	0.9615384615384616	0.3513096233092564	TP53	True	0.5401674937965262
0.842741935483871	0.9615384615384616	0.3509342946817181	TP53	True	0.5401674937965262
0.84375	0.9615384615384616	0.35016849245748594	TP53	True	0.5401674937965262
0.844758064516129	0.9615384615384616	0.3496166128904831	TP53	True	0.5401674937965262
0.8457661290322581	0.9615384615384616	0.3495458149623521	TP53	True	0.5401674937965262
0.8467741935483871	0.9615384615384616	0.34944740525413565	TP53	True	0.5401674937965262
0.8477822580645161	0.9615384615384616	0.3489232674925241	TP53	True	0.5401674937965262
0.8487903225806451	0.9615384615384616	0.34844958871069626	TP53	True	0.5401674937965262
0.8497983870967742	0.9615384615384616	0.34821104444805245	TP53	True	0.5401674937965262
0.8508064516129032	0.9615384615384616	0.3477882074248207	TP53	True	0.5401674937965262
0.8518145161290323	0.9615384615384616	0.34769763961652544	TP53	True	0.5401674937965262
0.8528225806451613	0.9615384615384616	0.3476584076887728	TP53	True	0.5401674937965262
0.8538306451612904	0.9615384615384616	0.3469677732394603	TP53	True	0.5401674937965262
0.8548387096774194	0.9615384615384616	0.3468424019719823	TP53	True	0.5401674937965262
0.8558467741935484	0.9615384615384616	0.34380742131310155	TP53	True	0.5401674937965262
0.8568548387096774	0.9615384615384616	0.34180467971533873	TP53	True	0.5401674937965262
0.8578629032258065	0.9615384615384616	0.3416808481554437	TP53	True	0.5401674937965262
0.8588709677419355	0.9615384615384616	0.3404997275194578	TP53	True	0.5401674937965262
0.8598790322580645	0.9615384615384616	0.34007646223537696	TP53	True	0.5401674937965262
0.8608870967741935	0.9615384615384616	0.3399146247185097	TP53	True	0.5401674937965262
0.8618951612903226	0.9615384615384616	0.33950716155029104	TP53	True	0.5401674937965262
0.8629032258064516	0.9615384615384616	0.3389660236618975	TP53	True	0.5401674937965262
0.8639112903225806	0.9615384615384616	0.3389407154150704	TP53	True	0.5401674937965262
0.8649193548387096	0.9615384615384616	0.33889465097405536	TP53	True	0.5401674937965262
0.8659274193548387	0.9615384615384616	0.33758642404357897	TP53	True	0.5401674937965262
0.8669354838709677	0.9615384615384616	0.3360668233420687	TP53	True	0.5401674937965262
0.8679435483870968	0.9615384615384616	0.3359740002145845	TP53	True	0.5401674937965262
0.8689516129032258	0.9615384615384616	0.3358914614258033	TP53	True	0.5401674937965262
0.8699596774193549	0.9615384615384616	0.3356905987927676	TP53	True	0.5401674937965262
0.8709677419354839	0.9615384615384616	0.33534309171655474	TP53	True	0.5401674937965262
0.8719758064516129	0.9615384615384616	0.3339368524628042	TP53	True	0.5401674937965262
0.8729838709677419	0.9615384615384616	0.3333949189191667	TP53	True	0.5401674937965262
0.873991935483871	0.9615384615384616	0.33321135898348503	TP53	True	0.5401674937965262
0.875	0.9615384615384616	0.3329738793206845	TP53	True	0.5401674937965262
0.876008064516129	0.9615384615384616	0.3306713322036053	TP53	True	0.5401674937965262
0.8770161290322581	0.9615384615384616	0.33013573704568505	TP53	True	0.5401674937965262
0.8780241935483871	0.9615384615384616	0.329007592801268	TP53	True	0.5401674937965262
0.8790322580645161	0.9615384615384616	0.3276157517933663	TP53	True	0.5401674937965262
0.8800403225806451	0.9615384615384616	0.32273254761703113	TP53	True	0.5401674937965262
0.8810483870967742	0.9615384615384616	0.32256422588095596	TP53	True	0.5401674937965262
0.8820564516129032	0.9615384615384616	0.3206571276684813	TP53	True	0.5401674937965262
0.8830645161290323	0.9615384615384616	0.3185877041667667	TP53	True	0.5401674937965262
0.8840725806451613	0.9615384615384616	0.3174883159152057	TP53	True	0.5401674937965262
0.8850806451612904	0.9615384615384616	0.317429292884752	TP53	True	0.5401674937965262
0.8860887096774194	0.9615384615384616	0.3170871545320169	TP53	True	0.5401674937965262
0.8870967741935484	0.9615384615384616	0.3166595893718641	TP53	True	0.5401674937965262
0.8881048387096774	0.9615384615384616	0.31659787151546154	TP53	True	0.5401674937965262
0.8891129032258065	0.9615384615384616	0.31626200347700106	TP53	True	0.5401674937965262
0.8901209677419355	0.9615384615384616	0.31618116138772595	TP53	True	0.5401674937965262
0.8911290322580645	0.9615384615384616	0.3146456486093007	TP53	True	0.5401674937965262
0.8921370967741935	0.9615384615384616	0.3143103627120712	TP53	True	0.5401674937965262
0.8931451612903226	0.9615384615384616	0.3142344698679671	TP53	True	0.5401674937965262
0.8941532258064516	0.9615384615384616	0.3116381445728728	TP53	True	0.5401674937965262
0.8951612903225806	0.9615384615384616	0.31141730292723985	TP53	True	0.5401674937965262
0.8961693548387096	0.9615384615384616	0.31113387234109624	TP53	True	0.5401674937965262
0.8971774193548387	0.9615384615384616	0.310971278837495	TP53	True	0.5401674937965262
0.8981854838709677	0.9615384615384616	0.31083053449875697	TP53	True	0.5401674937965262
0.8991935483870968	0.9615384615384616	0.3105708201045505	TP53	True	0.5401674937965262
0.9002016129032258	0.9615384615384616	0.3094939468652144	TP53	True	0.5401674937965262
0.9012096774193549	0.9615384615384616	0.3089003587441011	TP53	True	0.5401674937965262
0.9022177419354839	0.9615384615384616	0.3087537610849847	TP53	True	0.5401674937965262
0.9032258064516129	0.9615384615384616	0.30735344715848884	TP53	True	0.5401674937965262
0.9042338709677419	0.9615384615384616	0.3068992284148072	TP53	True	0.5401674937965262
0.905241935483871	0.9615384615384616	0.3067765845464366	TP53	True	0.5401674937965262
0.90625	0.9615384615384616	0.3062146445762425	TP53	True	0.5401674937965262
0.907258064516129	0.9615384615384616	0.305924246826563	TP53	True	0.5401674937965262
0.9082661290322581	0.9615384615384616	0.30512720473767235	TP53	True	0.5401674937965262
0.9092741935483871	0.9615384615384616	0.30333388662422045	TP53	True	0.5401674937965262
0.9102822580645161	0.9615384615384616	0.30329327682342555	TP53	True	0.5401674937965262
0.9112903225806451	0.9615384615384616	0.3003940901688389	TP53	True	0.5401674937965262
0.9122983870967742	0.9615384615384616	0.3000227752208509	TP53	True	0.5401674937965262
0.9133064516129032	0.9615384615384616	0.2986051054243807	TP53	True	0.5401674937965262
0.9143145161290323	0.9615384615384616	0.2954248155402311	TP53	True	0.5401674937965262
0.9153225806451613	0.9615384615384616	0.2950101022521944	TP53	True	0.5401674937965262
0.9163306451612904	0.9615384615384616	0.2948905594937034	TP53	True	0.5401674937965262
0.9173387096774194	0.9615384615384616	0.2948435132632651	TP53	True	0.5401674937965262
0.9183467741935484	0.9615384615384616	0.2933369429601535	TP53	True	0.5401674937965262
0.9193548387096774	0.9615384615384616	0.2928032577599574	TP53	True	0.5401674937965262
0.9203629032258065	0.9615384615384616	0.2925586647171621	TP53	True	0.5401674937965262
0.9213709677419355	0.9615384615384616	0.29180862899308463	TP53	True	0.5401674937965262
0.9223790322580645	0.9615384615384616	0.2916564957543853	TP53	True	0.5401674937965262
0.9233870967741935	0.9615384615384616	0.2901057075386429	TP53	True	0.5401674937965262
0.9243951612903226	0.9615384615384616	0.29005778506933594	TP53	True	0.5401674937965262
0.9254032258064516	0.9615384615384616	0.2900323845185237	TP53	True	0.5401674937965262
0.9264112903225806	0.9615384615384616	0.28945698920188045	TP53	True	0.5401674937965262
0.9274193548387096	0.9615384615384616	0.2885725041542808	TP53	True	0.5401674937965262
0.9284274193548387	0.9615384615384616	0.2875877188739511	TP53	True	0.5401674937965262
0.9294354838709677	0.9615384615384616	0.2873531139898969	TP53	True	0.5401674937965262
0.9304435483870968	0.9615384615384616	0.2872917155140134	TP53	True	0.5401674937965262
0.9314516129032258	0.9615384615384616	0.2857970474737919	TP53	True	0.5401674937965262
0.9324596774193549	0.9615384615384616	0.2855656785358133	TP53	True	0.5401674937965262
0.9334677419354839	0.9615384615384616	0.2848965692094024	TP53	True	0.5401674937965262
0.9344758064516129	0.9615384615384616	0.284019304518549	TP53	True	0.5401674937965262
0.9354838709677419	0.9615384615384616	0.2812744449350713	TP53	True	0.5401674937965262
0.936491935483871	0.9615384615384616	0.27900153334508426	TP53	True	0.5401674937965262
0.9375	0.9615384615384616	0.2788592768704316	TP53	True	0.5401674937965262
0.9395161290322581	0.9615384615384616	0.2785910001708468	TP53	True	0.5401674937965262
0.9395161290322581	1.0	0.27799232975170746	TP53	True	0.5401674937965262
0.9405241935483871	1.0	0.2748849589173141	TP53	True	0.5401674937965262
0.9415322580645161	1.0	0.2721747961924615	TP53	True	0.5401674937965262
0.9425403225806451	1.0	0.27009585079875376	TP53	True	0.5401674937965262
0.9435483870967742	1.0	0.2688591473148502	TP53	True	0.5401674937965262
0.9445564516129032	1.0	0.26713458582688593	TP53	True	0.5401674937965262
0.9455645161290323	1.0	0.2641969113950228	TP53	True	0.5401674937965262
0.9465725806451613	1.0	0.2635406737883772	TP53	True	0.5401674937965262
0.9475806451612904	1.0	0.26347393436817	TP53	True	0.5401674937965262
0.9485887096774194	1.0	0.2613111311043204	TP53	True	0.5401674937965262
0.9495967741935484	1.0	0.2611924336032471	TP53	True	0.5401674937965262
0.9506048387096774	1.0	0.2591326577029835	TP53	True	0.5401674937965262
0.9516129032258065	1.0	0.25505493626064085	TP53	True	0.5401674937965262
0.9526209677419355	1.0	0.25435847473576445	TP53	True	0.5401674937965262
0.9536290322580645	1.0	0.25281020340333155	TP53	True	0.5401674937965262
0.9546370967741935	1.0	0.2524474441170389	TP53	True	0.5401674937965262
0.9556451612903226	1.0	0.2505201051004548	TP53	True	0.5401674937965262
0.9566532258064516	1.0	0.2503535705358589	TP53	True	0.5401674937965262
0.9576612903225806	1.0	0.25015792501807144	TP53	True	0.5401674937965262
0.9586693548387096	1.0	0.2493646625050693	TP53	True	0.5401674937965262
0.9596774193548387	1.0	0.24537126281722185	TP53	True	0.5401674937965262
0.9606854838709677	1.0	0.24451019143351796	TP53	True	0.5401674937965262
0.9616935483870968	1.0	0.24198154407038705	TP53	True	0.5401674937965262
0.9627016129032258	1.0	0.2413961536753195	TP53	True	0.5401674937965262
0.9637096774193549	1.0	0.2346236883268437	TP53	True	0.5401674937965262
0.9647177419354839	1.0	0.2330495150950625	TP53	True	0.5401674937965262
0.9657258064516129	1.0	0.2324124522307784	TP53	True	0.5401674937965262
0.9667338709677419	1.0	0.23060946136806654	TP53	True	0.5401674937965262
0.967741935483871	1.0	0.2300704120805283	TP53	True	0.5401674937965262
0.96875	1.0	0.22956536217975956	TP53	True	0.5401674937965262
0.969758064516129	1.0	0.2294739263938883	TP53	True	0.5401674937965262
0.9707661290322581	1.0	0.2284167005696463	TP53	True	0.5401674937965262
0.9717741935483871	1.0	0.2273124125736128	TP53	True	0.5401674937965262
0.9727822580645161	1.0	0.2215838378574592	TP53	True	0.5401674937965262
0.9737903225806451	1.0	0.21600302577396607	TP53	True	0.5401674937965262
0.9747983870967742	1.0	0.215742209680375	TP53	True	0.5401674937965262
0.9758064516129032	1.0	0.2156056689257256	TP53	True	0.5401674937965262
0.9768145161290323	1.0	0.21385360954684174	TP53	True	0.5401674937965262
0.9778225806451613	1.0	0.2121651792269364	TP53	True	0.5401674937965262
0.9788306451612904	1.0	0.2121615355905168	TP53	True	0.5401674937965262
0.9798387096774194	1.0	0.20421577104069566	TP53	True	0.5401674937965262
0.9808467741935484	1.0	0.20062704500523806	TP53	True	0.5401674937965262
0.9818548387096774	1.0	0.1992802423446718	TP53	True	0.5401674937965262
0.9828629032258065	1.0	0.19919743532474835	TP53	True	0.5401674937965262
0.9838709677419355	1.0	0.19862352977400927	TP53	True	0.5401674937965262
0.9848790322580645	1.0	0.19834515650106266	TP53	True	0.5401674937965262
0.9858870967741935	1.0	0.19232202371689985	TP53	True	0.5401674937965262
0.9868951612903226	1.0	0.18780726987148508	TP53	True	0.5401674937965262
0.9879032258064516	1.0	0.18107653110368255	TP53	True	0.5401674937965262
0.9889112903225806	1.0	0.1777447340202337	TP53	True	0.5401674937965262
0.9899193548387096	1.0	0.1772306330981449	TP53	True	0.5401674937965262
0.9909274193548387	1.0	0.16874959149151833	TP53	True	0.5401674937965262
0.9919354838709677	1.0	0.15933133198931326	TP53	True	0.5401674937965262
0.9929435483870968	1.0	0.15878735437226324	TP53	True	0.5401674937965262
0.9939516129032258	1.0	0.1586981007874936	TP53	True	0.5401674937965262
0.9949596774193549	1.0	0.13482200999796093	TP53	True	0.5401674937965262
0.9959677419354839	1.0	0.1039612640053842	TP53	True	0.5401674937965262
0.9969758064516129	1.0	0.09827490612957802	TP53	True	0.5401674937965262
0.9979838709677419	1.0	0.06866482689419334	TP53	True	0.5401674937965262
0.998991935483871	1.0	0.03687936709283319	TP53	True	0.5401674937965262
1.0	1.0	0.022930368099342256	TP53	True	0.5401674937965262
